bold,events
-0.20341448605092113,0.0
-0.09697810537364232,4.0
0.22632252890696219,0.0
0.55492460511189612,0.0
0.88103317926631064,4.0
1.0611220149660194,0.0
1.1931620110180625,0.0
1.1086519279080755,4.0
0.92349245810911385,0.0
0.51511291992107933,0.0
0.068634309578555167,0.0
-0.27019493824062701,0.0
-0.73824368108749638,0.0
-0.92189830895686942,0.0
-0.77605367370405787,0.0
-0.66959339550383579,0.0
-0.508658209043375,4.0
-0.17651203678548538,0.0
-0.27744626094157349,0.0
-0.41953168396041052,0.0
-0.60050714305922304,0.0
-0.89606012622979414,0.0
-0.95445062340893938,0.0
-0.676049952013697,0.0
-0.053384148466907436,0.0
0.40989468696509873,0.0
1.093288499668523,5.0
1.4485690248153174,0.0
1.4462557646207712,0.0
0.97266037265390526,0.0
0.67131579383953111,0.0
0.13236446410843625,0.0
-0.53016919847267208,0.0
-0.71049510725372855,0.0
-0.84685613355974088,0.0
-0.80973217750108328,5.0
-0.56214113450226166,0.0
-0.082302870225664571,0.0
0.11898967652447606,5.0
0.39021346211781582,0.0
0.51640523024500085,0.0
0.58399997610391763,5.0
0.56436569917292734,0.0
0.41577387232479524,0.0
0.55498978835766088,0.0
0.78215491050970298,0.0
0.59949663280809107,0.0
0.30087875976678879,0.0
0.12500523847296777,0.0
-0.46315985952860506,0.0
-0.8310846628786025,0.0
-0.84215399305649141,2.0
-0.56190669367055379,0.0
-0.28075980003837353,0.0
0.22562262775907355,2.0
0.40040397863983507,0.0
0.46982398251916757,0.0
0.33268334400916366,2.0
0.36576995698094611,0.0
0.37733442533083739,0.0
0.33297047586196249,0.0
0.0066276230915072922,0.0
-0.41505083063009457,0.0
-0.67883590904993463,2.0
-0.87904723228026793,0.0
-1.0350189911316268,0.0
-0.80182222330121544,0.0
-0.27432246397257321,3.0
0.11150879526218262,0.0
0.3200605503682088,0.0
0.5506872055364469,0.0
0.44792268417920239,0.0
0.18575157694813188,0.0
0.094054160148017749,3.0
0.12245485039247231,0.0
0.18636352010130564,0.0
0.34930697695674545,0.0
0.34762084137102245,0.0
0.06777183018646582,0.0
-0.32631151701929056,0.0
-0.53983971078615767,0.0
-0.77082993261975463,0.0
-0.45455181369742309,3.0
-0.27171554302254608,0.0
0.13399742072113985,0.0
0.48480259309552781,3.0
1.0018012154244245,0.0
1.0876982156055464,0.0
1.2139536957892956,0.0
1.1567561122361556,0.0
0.80920401957505428,0.0
0.36388175316221871,0.0
0.14197533015955147,6.0
-0.044819506480297609,0.0
-0.40449244636587717,0.0
-0.64771612262693523,0.0
-0.83433163590066828,0.0
-1.1117029548009909,0.0
-1.2215481921625666,6.0
-0.94424580080375742,0.0
-0.83951179694796019,0.0
-0.36538918585049673,6.0
-0.10971870471723695,0.0
0.13922451539557618,0.0
0.21601414046408393,6.0
0.62880365295648677,0.0
0.36346153116236279,0.0
0.12511182727207257,0.0
-0.24533205212824211,0.0
-0.64483129088832447,0.0
-0.96986425595335191,0.0
-0.77030467987660201,0.0
-0.56405091411915875,0.0
-0.3616124019411513,0.0
-0.078034724409266065,1.0
0.37383740587707287,0.0
0.25936057529635548,0.0
0.22070114166626312,0.0
0.068939893555411691,0.0
0.13090538371664509,0.0
0.07734829509103551,1.0
0.13713498371784685,0.0
0.32250569650342992,0.0
0.69794962618649792,1.0
0.87529225947629286,0.0
0.79149433681197767,0.0
1.0421776357057879,1.0
1.1485581960223428,0.0
0.84342258204943432,0.0
0.48067409868876915,0.0
0.19134321795515397,0.0
-0.27008528217279343,0.0
-0.28892393676922162,0.0
0.10616175723799212,0.0
0.35236501170943862,0.0
0.32042182074789344,0.0
0.42821020500487478,0.0
-0.052426262680692483,0.0
-0.41670066711985115,0.0
-0.59084617515391968,4.0
-0.41806763030154387,0.0
-0.42662846752573524,0.0
-0.15146459589174582,4.0
-0.047691975289020083,0.0
-0.21764097372734723,0.0
-0.40283853789899665,4.0
-0.4329055427258181,0.0
-0.66379105218486456,0.0
-0.90160879253854787,0.0
-0.88360802166556651,0.0
-0.88670430101990516,0.0
-0.65224252620640821,4.0
-0.26684335165222323,0.0
-0.20828558113178358,0.0
-0.021627697584506011,0.0
0.28481613655568161,1.0
0.41916181111967343,0.0
0.38418221563279892,0.0
0.90102649081976949,1.0
0.93132603811951897,0.0
0.82450636521309117,0.0
0.44827774650978247,0.0
0.30668204852675585,0.0
-0.049971829627263931,0.0
0.069690545589242883,1.0
0.1508331865752518,0.0
0.42336815113664372,0.0
0.35239054481159449,0.0
0.41997290896710976,0.0
0.18210308208519435,0.0
-0.20264087551547802,0.0
-0.65380435606834031,0.0
-0.73897070978395352,0.0
-0.73313796525169428,1.0
-0.4010107514710734,0.0
0.18655225765962535,0.0
0.90866248151216156,0.0
1.4987874856746637,0.0
1.5640038290695406,0.0
1.0602733294899005,0.0
0.62077713291344538,6.0
0.0010698722494199258,0.0
-0.82890740052751999,0.0
-1.3276044821566166,0.0
-1.6171500761809627,0.0
-1.9453881622599005,0.0
-1.7476099374644405,6.0
-1.3548152183515483,0.0
-1.0735825387125015,0.0
-0.53612094515796438,6.0
-0.23950234300554588,0.0
-0.52158440579914744,0.0
-0.46301054078740422,6.0
-0.3380377849723869,0.0
-0.19786837588104042,0.0
0.081666904817963723,0.0
0.57609898906903501,0.0
0.62507358916096811,0.0
0.85325842380506767,0.0
1.131555836011336,0.0
1.1656002277702298,0.0
1.0359003498316737,0.0
1.1786835511890392,3.0
1.2000284026163239,0.0
0.90223380878724413,0.0
0.91086177386989886,3.0
1.0169218798800153,0.0
0.78076126430958415,0.0
0.60934552385895102,3.0
0.5904339152177126,0.0
0.28893447960353441,0.0
-0.10702372243793105,0.0
-0.39285392632570582,0.0
-1.1285618181611592,0.0
-1.6746869254410814,0.0
-2.0316821844637927,0.0
-2.2969879166848344,0.0
-2.2833424479838169,3.0
-1.4215947927332717,0.0
-0.8586538497989441,0.0
-0.15244081428107728,0.0
0.72707351021923183,2.0
1.323870493300616,0.0
1.2926893141045279,0.0
1.2266650911883854,2.0
1.1134480168463086,0.0
0.75649371781868491,0.0
0.43749288615425153,0.0
-0.030080342110062143,0.0
-0.25799549208430117,0.0
-0.2123953986736965,2.0
-0.051649442214199877,0.0
0.096125890928253507,0.0
0.42230711924453568,0.0
0.51260255963864032,0.0
0.24877440626330066,0.0
-0.0010397908511935343,0.0
0.014696002045594356,0.0
0.10622304389031943,0.0
0.38353477947690534,2.0
0.7565364345549106,0.0
1.0971094210360703,0.0
1.1695569944815596,0.0
1.2850190009240712,5.0
1.1862668579628968,0.0
0.61212162839437012,0.0
0.1060006492267092,5.0
-0.4816704255411961,0.0
-1.1846842293781954,0.0
-1.5480401898560479,5.0
-1.2524838694083817,0.0
-1.0474911623344112,0.0
-0.71864215171275392,0.0
-0.45991952951015763,0.0
-0.35478619724612276,0.0
-0.22099273449051279,5.0
-0.22843829474453894,0.0
-0.39573212195034047,0.0
-0.29343489254126587,0.0
-0.11709512285571891,0.0
-0.23329189041357956,0.0
-0.2913959086722393,0.0
-0.028502056751986048,0.0
-0.030356583311802823,0.0
-0.052668981797119298,0.0
-0.34802147594959926,0.0
-0.3699460159105602,0.0
-0.40816344815570621,0.0
-0.39323298757389896,0.0
-0.42672034314504259,0.0
-0.19086975716746407,0.0
-0.06852445816012688,0.0
-0.21811669390863034,0.0
-0.29707742425964268,0.0
-0.27563379261282195,0.0
-0.17247664065277296,0.0
-0.3087468412776207,0.0
-0.019565375276538087,0.0
0.28934805506214406,0.0
0.48793057362439418,0.0
-0.59437248318426417,0.0
-0.50184312113440699,0.0
-0.39012059925023385,0.0
-0.43117328417832551,0.0
0.051970341003787515,0.0
0.21949832174872433,0.0
0.20972087995806274,0.0
0.19303196498650893,6.0
0.41891120664013703,0.0
0.34379280777674454,0.0
0.26226176501903303,0.0
0.0034662181486910292,0.0
-0.20091526491328063,0.0
-0.22759965210493083,6.0
-0.25952224994366552,0.0
-0.13365889267303152,0.0
0.24558808679390848,6.0
0.43616357727138355,0.0
0.31663390977059369,0.0
0.21398566497817056,6.0
0.099003426615485737,0.0
-0.12582075122578867,0.0
-0.21122688554820024,0.0
0.11150214248252137,1.0
0.74344505026854535,0.0
1.2287947221634012,0.0
1.621954698866602,0.0
1.5448534702192127,0.0
1.2034923343842672,0.0
0.59641379116914384,0.0
0.11664961269651244,0.0
-0.48915712450747106,0.0
-0.44826448559639814,1.0
-0.36937569505835738,0.0
-0.46066324867209413,0.0
-0.61410256871441182,0.0
-0.63683126733360251,0.0
-0.75851398574867024,0.0
-0.7145842917779518,1.0
-0.36877489390795365,0.0
-0.17157770484256635,0.0
0.098141928011303725,1.0
0.33349046333050419,0.0
0.14331309600830536,0.0
-0.034353954166343466,0.0
0.1460951481171153,0.0
0.21278450604579432,0.0
0.088609075577976912,0.0
0.41265465354690284,4.0
0.41646834985324366,0.0
0.27748481328437269,0.0
0.30015499420659031,0.0
0.29049651066010046,0.0
-0.14641406816892841,0.0
-0.45137983530235309,0.0
-0.80266434111327312,0.0
-1.362908710354843,0.0
-1.4703010880135634,4.0
-1.3259621336264515,0.0
-0.93046682819603954,0.0
-0.30993433328091818,4.0
0.36276437574369425,0.0
0.45448509820732508,0.0
0.69227520007802212,4.0
0.5943945932523198,0.0
0.58157217524369875,0.0
0.71248898246633552,0.0
1.4645923555963993,5.0
1.6297827746600355,0.0
1.8267790381311972,0.0
1.6644993225303824,0.0
1.5322092125593862,0.0
0.95633575891702549,0.0
0.74465208445561171,0.0
0.76955834201809403,0.0
0.7293014420975743,0.0
0.7232068845022307,5.0
0.71016964287781437,0.0
0.55909148224563898,0.0
0.13235971491455023,0.0
-0.41857518318881048,0.0
-1.0983981927179605,0.0
-1.2811557285150206,5.0
-1.6023704107653212,0.0
-1.8465973496023571,0.0
-1.5595323261689575,5.0
-1.2070680705608345,0.0
-1.2546411624331444,0.0
-0.92947332037994401,0.0
-0.56239208065764534,0.0
-0.51296557405854604,0.0
-0.66178190151828931,0.0
-0.90379769972854229,0.0
-1.2282377748025823,0.0
-1.3088649779730546,0.0
-1.123604353889168,2.0
-0.79017305992350473,0.0
-0.3442346331229636,0.0
0.16089376468585564,2.0
0.41114628002487474,0.0
0.52391962478910514,0.0
0.65773283590645737,2.0
0.89145035454759636,0.0
0.95385830374812142,0.0
0.76223261242715956,0.0
0.54729052581033044,0.0
0.36916728200852122,0.0
0.29306417674127677,2.0
0.16365426734324975,0.0
0.45697697519808445,0.0
0.57912050082821043,0.0
0.61288973789216661,3.0
0.43802743525418464,0.0
0.27696952688532234,0.0
0.34899104786135948,3.0
0.51294290177399016,0.0
0.58020870406742209,0.0
0.72289494994525483,3.0
0.83727191421989378,0.0
0.48578386309566141,0.0
-0.14611087488118765,0.0
-0.41474401165816377,0.0
-0.76680690228978388,0.0
-0.74239132133466601,3.0
-0.52682210400023299,0.0
0.12719414198836465,0.0
0.27812346160674195,0.0
0.094173487420512111,0.0
-0.1797297902561121,0.0
-0.55441119661929905,0.0
-1.0695604423319671,0.0
-1.2189095590357004,0.0
-0.83792691999049707,0.0
-0.72487459478772376,0.0
-0.5457915990996397,0.0
-0.30933546512030874,0.0
0.0026251664211704353,6.0
0.15861044926144691,0.0
0.25589291324299068,0.0
0.35669963632065377,6.0
0.30568243118355892,0.0
0.10447703357619963,0.0
0.0079803955119611188,6.0
0.34646638063033508,0.0
0.6558220623326706,0.0
0.67618830028060428,0.0
0.39306334053957437,0.0
-0.073513974242332303,0.0
-0.834946172967023,0.0
-1.476980810867031,0.0
-1.8017387328040169,0.0
-1.4125827880625437,6.0
-0.53052925319536148,0.0
0.28400978675676891,0.0
0.94491468081440733,0.0
1.7941364434586498,3.0
2.3107091641034549,0.0
2.1354188930919991,0.0
1.7201685378833689,0.0
1.3894738092063206,0.0
0.87547907574337158,0.0
0.17822304192256438,0.0
-0.4188126879359112,0.0
-0.68259672118269588,0.0
-0.88770440965890374,3.0
-1.02087279532477,0.0
-1.1012378021139384,0.0
-0.90427591197507806,3.0
-0.69730486495340582,0.0
-0.48807974187099035,0.0
-0.1058064337416646,3.0
0.24262013056534512,0.0
0.22961573174562561,0.0
0.11756049143131557,0.0
-0.29566294437222457,0.0
-0.73964699103634213,0.0
-0.87500040003207991,0.0
-0.88507649815990486,0.0
-0.73951515519791766,0.0
-0.26610773073121247,0.0
0.26757474346205512,2.0
0.48586438058333242,0.0
0.75138066702482065,0.0
0.98359165573457474,2.0
0.78596353904514382,0.0
0.38689423811196738,0.0
0.28811208768852875,2.0
0.19303704176201306,0.0
-0.27236241046590165,0.0
-0.43773441572042238,0.0
-0.50494069116226581,0.0
-0.89259693102479842,0.0
-1.0098792209564356,2.0
-0.74273455891252516,0.0
-0.40499240023031791,0.0
-0.092517642014866064,0.0
0.22982401034034977,0.0
0.30510056837419364,0.0
0.32349584744078919,0.0
0.31553799601085913,5.0
0.34853232590823174,0.0
0.33472984910194081,0.0
0.10348063573644628,0.0
-0.21852349892368714,0.0
-0.3706115768112262,0.0
-0.32399236677438853,5.0
-0.20201809442072705,0.0
0.17019086897279331,0.0
0.50235315000148217,0.0
0.71705938902003696,0.0
0.90297004308975892,0.0
1.0343694883535621,0.0
1.087404249961764,0.0
1.2474122609805125,0.0
1.4633896652535909,5.0
1.1893661056858753,0.0
0.72735714328694667,0.0
0.57643238477717973,5.0
0.48763226967156087,0.0
0.18687354500617673,0.0
0.20678347138184405,0.0
0.58443271536354602,4.0
0.64356331067079731,0.0
0.24370985754851021,0.0
0.32001152654562953,4.0
-0.013597425226693849,0.0
-0.25133239326116869,0.0
-0.67620975033870534,0.0
-1.1987974908812262,0.0
-1.9996103643494985,0.0
-2.2268494688815625,4.0
-2.4313641453938857,0.0
-2.3090963672030718,0.0
-1.416225338657721,0.0
-0.80226145610871624,0.0
-0.54743204662510936,0.0
-0.55584736155223879,0.0
-0.38612722740675198,0.0
-0.59414946941726021,0.0
-0.52650032254911505,4.0
-0.19170567915987519,0.0
0.31289949515923621,0.0
0.71774183973972938,0.0
1.3633191439408421,1.0
1.8392999484068997,0.0
1.8476897295186583,0.0
1.6923470718468492,1.0
1.3288265462154296,0.0
0.48248521194470417,0.0
-0.045952153701779824,1.0
-0.13588504432888515,0.0
-0.31150058003496101,0.0
-0.68725003028474685,0.0
-0.70748504242772958,0.0
-0.86238926362519253,0.0
-1.2615052292142228,0.0
-1.436619870902978,0.0
-1.3296285707608169,0.0
-0.97370788230047378,1.0
-0.57172455468667915,0.0
-0.14964690369773603,0.0
0.031391362909071983,0.0
0.37993545373684312,0.0
0.26333957751256243,0.0
-0.14061128848803398,0.0
-0.63646003322871647,0.0
-0.72291444735472044,0.0
-0.87131268098197534,0.0
-0.59395559590208424,0.0
-0.17659587033492471,0.0
0.4160078738503093,0.0
0.76395093875146902,0.0
0.97067266817521924,0.0
0.90750148972743827,0.0
0.80946333334614051,0.0
0.47737421476047454,0.0
0.31031402056641177,0.0
0.2703121413662592,0.0
0.28494727851449037,0.0
0.2751635835399377,0.0
-0.25501382986316207,0.0
0.084347258228487182,2.0
0.41397715675034713,0.0
0.71165163257544906,0.0
0.89023900236252074,0.0
0.82289483856366652,0.0
0.4629596708864937,0.0
0.036343909224291537,0.0
-0.34373022879686838,0.0
-0.53582288046312954,0.0
-0.16928206583326813,2.0
0.19539063241804477,0.0
0.36128714882064855,0.0
0.77537085522527316,2.0
1.1062186526395663,0.0
0.94633096529669058,0.0
1.1088943462414338,2.0
1.4010761736787036,0.0
1.2645698261118965,0.0
1.0647599636449447,0.0
0.66053377230322552,0.0
-0.071659084072334386,0.0
-0.41686941927427118,0.0
-0.62762924515161289,3.0
-0.61163426908686125,0.0
-0.69476394421417154,0.0
-0.71104093156781933,0.0
-1.0727591513345911,0.0
-1.3254931840333095,0.0
-1.7194284980078165,0.0
-1.8854387054714778,0.0
-1.8620266277407245,0.0
-1.6772788171463466,3.0
-1.2582098042545273,0.0
-1.1433511690656588,0.0
-0.44082191673352006,3.0
-0.19534406029574561,0.0
0.25337953338928121,0.0
0.24457358967069293,3.0
0.64272114682389059,0.0
0.6463540379635655,0.0
0.71711259169441732,0.0
0.68418776349243704,0.0
0.65526826538275484,0.0
0.66057657253294932,0.0
0.53080005487386117,6.0
0.75705310218368127,0.0
0.63211114076382713,0.0
0.77543217340172566,6.0
0.82631704698232677,0.0
0.94170426216803116,0.0
0.50029535599700614,0.0
0.16509590974714841,0.0
-0.35286188435789489,0.0
-0.7962547162605681,0.0
-1.1665245673229243,0.0
-1.273163632308927,0.0
-1.0390225815097986,6.0
-0.72153245412467315,0.0
-0.65006920411962266,0.0
-0.63086985564548903,0.0
-0.54183277674385544,0.0
-0.65390054713182633,0.0
-0.5608328235146478,6.0
-0.15184431442699919,0.0
-0.0017019554578155494,0.0
0.35608181144734258,0.0
0.88373026089082551,1.0
1.3242777620369817,0.0
1.3448779287002763,0.0
1.462305961272049,1.0
1.3664211618505508,0.0
0.87361076705361995,0.0
0.15030911935364258,0.0
-0.21792373875551849,0.0
-0.373277015690127,0.0
-0.29049686636917338,1.0
-0.15668067836412083,0.0
-0.068219898006614446,0.0
-0.17172428687561389,0.0
-0.32184885760558685,0.0
-0.57331774478544151,0.0
-0.77809732083745653,0.0
-0.73281241042588663,0.0
-0.58864555564477528,0.0
-0.1800581717206059,1.0
0.12479308130579174,0.0
0.52913083192456556,0.0
0.75669984872737073,0.0
1.4241820882328262,4.0
1.8272582419647712,0.0
1.952481986121066,0.0
1.9156700526981545,4.0
1.8215026746263341,0.0
0.72815039100315526,0.0
-0.14708887547305838,4.0
-0.88818099419930507,0.0
-1.2946378409611783,0.0
-1.738212025802369,0.0
-1.6441578034192617,0.0
-1.8372241235629225,0.0
-1.6966590906089816,0.0
-1.5488097090971658,0.0
-1.2815115020617096,0.0
-0.74813092280376425,4.0
-0.20132073534447009,0.0
-0.15583287915163035,0.0
-0.51328008763175859,0.0
-1.0544833834950924,0.0
-1.6610671945816848,0.0
-1.9017996727389914,0.0
-1.3266210513627998,5.0
-0.45689701543166439,0.0
0.60957760501790059,0.0
1.3423755940828876,5.0
1.7225501185365082,0.0
1.4767278425681749,0.0
1.2940244198928588,5.0
0.96435277148234122,0.0
0.59140876844158941,0.0
0.10169582691129764,0.0
-0.11349986971797769,0.0
-0.59537205974732998,0.0
-0.78623044647931795,0.0
-0.67063299794557951,0.0
-0.31401386224618305,0.0
0.01826065867179787,5.0
0.52306294744273873,0.0
0.86122580755901379,0.0
0.9188819071762615,0.0
1.0211238537939682,0.0
0.81116973243531565,0.0
0.59968217513642119,0.0
0.70631924350730246,2.0
1.1755430515365963,0.0
1.3995008205500727,0.0
1.809949137174075,0.0
1.8283522188111025,0.0
1.6009036984895859,0.0
1.2780810246750605,0.0
0.90546590617560674,0.0
0.44977338408898221,0.0
0.40611550283613723,2.0
0.10710297397749448,0.0
-0.59162010249850572,0.0
-1.2614150640318944,0.0
-1.8703555263238125,0.0
-2.5013883716328578,0.0
-2.5876695878145668,2.0
-2.4133294853111931,0.0
-2.1089515123757869,0.0
-1.6529612150272575,2.0
-1.0371964517939452,0.0
-0.98232365097333862,0.0
-0.6217967368744719,0.0
-0.087256100321620941,5.0
0.37949791422573814,0.0
0.47198021499756737,0.0
0.65679813869505577,0.0
0.44045212526172528,0.0
0.061281961139578442,0.0
-0.2521643457084598,5.0
-0.12629228492440403,0.0
-0.010910808972868726,0.0
0.34743205903587415,5.0
0.65004643095908543,0.0
0.64786087571129902,0.0
0.7183098687472117,5.0
0.98457444652536064,0.0
1.1953838333375211,0.0
1.1478417542609705,0.0
0.97998105834762772,0.0
0.44104561152152261,0.0
-0.21610885346446856,0.0
-0.97785034373793034,0.0
-1.2063928358186442,0.0
-1.1398424732799584,0.0
-0.75223715275003367,4.0
-0.45264564850759464,0.0
-0.098324831561688086,0.0
-0.030353328591773178,0.0
0.18100809135940429,0.0
-0.001647212495842585,0.0
-0.12446797971208254,0.0
-0.13997341926250714,0.0
-0.012968461062651513,0.0
-0.19047633816657797,4.0
-0.052055008230332614,0.0
0.095826976841766318,0.0
0.013240185971025992,0.0
-0.24588632176390543,0.0
-0.28718565767282672,0.0
-0.32132567280688512,4.0
-0.23712161230561243,0.0
-0.05120282558355832,0.0
0.42163040135609842,4.0
0.71792821870513912,0.0
0.65638415297694319,0.0
0.61644235213747611,0.0
0.61775877572861304,1.0
0.54812082174957655,0.0
0.38773348925538526,0.0
0.48165762836058157,0.0
0.4777717973692055,0.0
0.47653444894743319,0.0
0.44450377315945599,0.0
0.53592958104204114,0.0
0.52077271412648063,0.0
0.72679215733713876,1.0
0.73886932503707292,0.0
0.53349936902309314,0.0
0.57529732245179355,1.0
0.64091128477759784,0.0
0.2585828562877352,0.0
0.19643164677246741,1.0
0.084891286104068431,0.0
-0.49965557151787426,0.0
-1.1041399493150672,0.0
-1.3140336335700809,0.0
-1.6270909872694357,0.0
-1.5628526921286889,0.0
-1.0337945674141769,0.0
-0.58845271239124197,0.0
-0.32952040771795427,0.0
0.13155674350967983,6.0
0.48513596416280513,0.0
0.61383732301700566,0.0
0.81713300895680774,0.0
0.97057915167350517,0.0
0.92839393288683458,0.0
1.0568144688634038,6.0
1.0225595124212807,0.0
0.66834988801364326,0.0
0.51294789752011283,6.0
0.16180068583476942,0.0
-0.70845509549157337,0.0
-1.1495840816802556,6.0
-1.2180465488857752,0.0
-1.5310051360222365,0.0
-1.575652571301523,0.0
-1.312744149440167,0.0
-1.0464219058801012,0.0
-0.896492012518048,0.0
-0.32991740716356083,3.0
0.16991817165378315,0.0
0.52840994012032128,0.0
0.63694639698875999,3.0
0.83644338908317617,0.0
0.86267294243607939,0.0
1.0168710014937712,3.0
1.1479554208481508,0.0
1.3328842996356394,0.0
1.1746195481080517,0.0
0.80415648740353196,0.0
0.3815999858137134,0.0
-0.046989681773976451,0.0
-0.64304964132868581,0.0
-0.78274768465534972,0.0
-0.53073233555946242,3.0
-0.22632869674184633,0.0
-0.0017339773409710897,0.0
0.17091631494500562,0.0
0.16033257783905638,0.0
-0.058876235711466163,0.0
-0.30067045693799965,0.0
-0.51856704785414165,0.0
-0.65611304416200733,0.0
-0.46595961287679982,0.0
-0.38719257337782409,0.0
-0.34755954361087993,0.0
-0.19501859224521836,0.0
-0.07374716814427508,0.0
-0.35595543929339846,0.0
-0.38177207708235855,0.0
-0.43301743453133607,0.0
-0.51719181379066537,0.0
-0.27575831444255328,0.0
0.0091209090300142844,0.0
0.11811107946898255,0.0
0.17962123005327327,0.0
-0.091973589906923475,0.0
-0.13258658852498076,0.0
-0.24739124506388863,0.0
-0.59433010146094023,0.0
-0.75911104000282426,0.0
-0.84044179804625363,0.0
-0.94337007591499134,0.0
-0.81426214257885243,3.0
-0.2498224652541241,0.0
0.30717449694345489,0.0
0.88341177724986919,3.0
1.3128142125320608,0.0
1.3748533578089668,0.0
1.2567917273226801,3.0
1.107142271436834,0.0
0.77382869360105311,0.0
0.23651773691357791,0.0
-0.14488761899565261,0.0
-0.42076814673630025,0.0
-0.44220774460601969,3.0
-0.47612500280646286,0.0
-0.074570428044251277,0.0
0.31953491598673511,0.0
0.50455290964241406,0.0
0.24659057612151783,0.0
0.02290175844347318,0.0
-0.13606662391315197,6.0
-0.15112624532493601,0.0
-0.26531893494564984,0.0
-0.30815356033910563,0.0
-0.18152072886655046,0.0
-0.40109692316534318,0.0
-0.33933782364940146,6.0
-0.1355718831249389,0.0
-0.12109603827648716,0.0
-0.25735207659249865,6.0
-0.26475980545719313,0.0
-0.68239740001945459,0.0
-1.1128356056067734,6.0
-1.0670857639202407,0.0
-0.87696643685930098,0.0
-0.91986176429521038,0.0
-0.90616857487073932,0.0
-0.25323887107815357,0.0
0.10187280496335552,0.0
0.94426226426842641,1.0
1.6187648728459703,0.0
1.8756592227173083,0.0
1.4150073335237234,1.0
1.3029525169956493,0.0
0.143645555169372,0.0
-0.77323588820666478,0.0
-1.0821267080511265,0.0
-1.164876294443431,0.0
-1.3238210029479622,1.0
-0.76652707237014883,0.0
-0.077299267072689179,0.0
0.20598421923238475,0.0
0.20267983571985934,0.0
-0.11643092371734018,0.0
-0.40837924284496668,0.0
-0.73043775493434493,0.0
-0.76921565988513074,0.0
-0.24928406733283848,1.0
0.56389885583571009,0.0
1.0220850304420979,0.0
1.6318822563336113,0.0
2.1386906584920595,4.0
2.3613311244319628,0.0
2.0667271287288909,0.0
1.4968023722146393,0.0
0.96359157311268384,0.0
0.62698732383056188,0.0
0.18638346812937609,0.0
0.064994544271732332,0.0
0.21214253320915069,0.0
0.37809668784022554,4.0
0.42280380191023698,0.0
-0.14867639283351192,0.0
-0.83816146143899684,0.0
-1.1513593319108213,0.0
-1.5261813581464074,0.0
-1.558663551626517,4.0
-1.0188942551581359,0.0
-0.61131658690746293,0.0
-0.47439109608411295,4.0
-0.83084476924306139,0.0
-1.4993995822862045,0.0
-1.9311094092269852,0.0
-1.5627464135712359,5.0
-1.275520129079649,0.0
-0.7934794775965569,0.0
-0.40257810622368823,5.0
-0.0021645256347629918,0.0
0.10763571192779636,0.0
0.36382216653021998,5.0
0.89900088047090099,0.0
1.2312065063289717,0.0
0.98226918892438231,0.0
0.58839492345557876,0.0
0.18205262538622316,0.0
-0.56983535447853584,0.0
-0.91947259918272861,0.0
-0.72067007348189327,0.0
-0.14897640412799759,5.0
0.25197682060731563,0.0
0.7167422111634596,0.0
0.97538671227713414,0.0
0.89698735706778132,0.0
0.3743951533437076,0.0
0.05486788896358441,0.0
-0.32296631466933351,0.0
-0.74684345990915968,0.0
-0.87239674034773895,0.0
-0.62848173637898475,2.0
-0.32174004800247991,0.0
0.38025229567979829,0.0
1.1479142954083421,2.0
1.6817089297644503,0.0
1.6111543955642926,0.0
1.5817477768155788,2.0
1.2230729753157472,0.0
0.6612584416739703,0.0
-0.13604423962454854,0.0
-0.39822635776439563,0.0
-0.51464668835587002,0.0
-0.45717857082496016,2.0
-0.21163033748046337,0.0
0.21773188601576454,0.0
0.12992889903677551,0.0
-0.46753704134310853,0.0
-0.95885862864014615,0.0
-1.246963088172256,0.0
-1.3518149542415743,0.0
-1.3230632109279019,0.0
-1.061289956800042,0.0
-0.60359126293079324,3.0
-0.30408371930383071,0.0
-0.083040296070717307,0.0
0.47878923564547549,3.0
1.0660518881884729,0.0
1.1852877393883487,0.0
1.1198099850798338,3.0
1.3118404889804012,0.0
1.1806858545564181,0.0
0.83251679065543283,0.0
0.57873805803663858,0.0
0.57585943380368498,0.0
0.42943344758230517,3.0
0.63346407966995077,0.0
0.81563260242561919,0.0
0.83006361184359778,0.0
0.57775304048250264,0.0
0.53434226072857816,0.0
0.37902696539037484,0.0
0.50055464423382634,2.0
0.52517847888384694,0.0
0.24345660289435583,0.0
-0.82787091415890712,0.0
-2.0225533623163368,0.0
-3.0333039246733242,0.0
-3.3798530360213399,2.0
-2.8810553560449592,0.0
-1.8185014605959835,0.0
-0.95943751205804084,0.0
-0.50620868648883488,0.0
-0.36836871975827623,0.0
-0.71052246274150133,0.0
-1.0054735510252448,0.0
-0.7682054250278969,0.0
-0.28511995688605885,2.0
0.23948835933512103,0.0
0.55249154115393884,0.0
1.0286086797706417,2.0
1.0454212578835149,0.0
0.9049915877880369,0.0
0.84707181405645937,0.0
1.2695029690662729,5.0
1.333065415052278,0.0
1.0289665495530538,0.0
0.89174662799102966,5.0
0.74422463855887366,0.0
0.30820286039971417,0.0
-0.34904536856512619,0.0
-0.56090341244947561,0.0
-0.69416227651325257,0.0
-1.0638729048592719,0.0
-1.5049445300910305,0.0
-1.4832456771077271,0.0
-1.1741116144536929,5.0
-0.86937303248532416,0.0
-0.38641218259791604,0.0
0.24487927190557976,0.0
0.40279049506162712,0.0
0.50388964451787199,0.0
0.48886060065122949,5.0
0.27806043876506331,0.0
-0.18934210232913129,0.0
-0.22412170453132937,0.0
-0.2423334498043096,4.0
-0.26050521309498537,0.0
-0.11092853030903503,0.0
0.22783294524581973,0.0
0.45067726272682657,0.0
0.62227495630154128,0.0
1.3348494660176344,4.0
1.6518804388582073,0.0
1.8438412285019476,0.0
1.987237479452981,4.0
1.9947319270276518,0.0
1.2241472755322949,0.0
0.7932973982080973,4.0
0.41778504181112636,0.0
0.01665858422277602,0.0
-0.44503220785543113,0.0
-0.79550572236638817,0.0
-1.1684529350853485,0.0
-1.3752990335697315,0.0
-1.5738843667255811,0.0
-1.4516277497094092,0.0
-1.224853773019619,0.0
-0.90631753183582464,0.0
-0.70746372971523985,0.0
-0.50045811609633273,0.0
-0.52343638510093438,0.0
-0.4840279987410761,0.0
-0.32123309632236807,0.0
0.063721229221191097,1.0
0.97143171593876187,0.0
1.5245435489989274,0.0
1.6584369856714753,0.0
1.4317371838130775,0.0
1.0442333033194522,0.0
0.55550983684968425,1.0
0.22436977133633587,0.0
-0.14952826054937202,0.0
0.22352636755320934,1.0
0.49740410117084694,0.0
0.3431356399140667,0.0
0.39573400135373343,1.0
0.67120037861740267,0.0
-0.099393668082979766,0.0
-0.5241391142519698,0.0
-0.6438270329400313,0.0
-0.66820389563198945,0.0
-0.98290275406863614,0.0
-0.78988021144989551,0.0
-0.90745513354962537,0.0
-1.294250041126181,0.0
-1.3594391288477432,6.0
-0.82984048911542407,0.0
-1.0986991730364013,0.0
-1.1239811689405774,0.0
-0.69780321880606244,0.0
-0.65803517512921794,0.0
-0.87006253353034557,6.0
-0.32962520190958178,0.0
0.10294206133363809,0.0
0.14005911519601549,6.0
0.26483669926312864,0.0
0.49768016523175135,0.0
0.82190382367511738,6.0
1.0344671479574319,0.0
1.2287869731890217,0.0
1.1475964703329724,0.0
1.1429603251645479,0.0
0.701968869349202,0.0
0.55866295349350925,0.0
0.28492346543148411,0.0
0.25028039428940213,0.0
0.049491259750679854,0.0
0.22956632577747085,0.0
0.1516302757667205,0.0
0.37460425631527772,0.0
0.41977007883290901,0.0
0.44443339970468293,0.0
0.40200167863358782,0.0
0.1394805401861661,0.0
-0.27518952804673225,0.0
-0.57812249036995522,0.0
-0.75128321677645615,0.0
-0.55107325148543063,5.0
-0.34466300352067608,0.0
0.15417520468605653,0.0
0.79088694260664372,5.0
1.1715065209173092,0.0
1.0993001432905549,0.0
0.93924689270046446,0.0
0.52185324407100386,0.0
-0.13952198431955148,0.0
-0.39455955423859984,5.0
-0.13954071803189524,0.0
0.017247953078745257,0.0
0.046973827554383472,0.0
0.28588263385798779,0.0
0.18497283824593169,0.0
0.076857043053235763,0.0
0.20023316311526412,0.0
0.34356290962996289,0.0
0.49167498473575572,5.0
0.67785428417463223,0.0
0.59580108905388873,0.0
0.42173944160970339,0.0
0.5374336368634306,2.0
0.61188075630012728,0.0
0.41859956345846844,0.0
0.29126760383434508,0.0
0.10090659246532502,0.0
-0.28246353026927506,0.0
-0.38865938579695786,2.0
-0.20917783462128031,0.0
-0.11241912512341001,0.0
0.32172284643210464,2.0
0.64828514739387499,0.0
0.44232928491853057,0.0
0.35923399187833094,2.0
0.35716297943327335,0.0
0.12989204110412217,0.0
0.21282460656959992,0.0
0.44002831953655852,0.0
0.33250470155491701,0.0
0.10203725208374126,0.0
-0.16472861980637646,0.0
-0.75041564951192674,0.0
-1.1731535247769929,0.0
-1.1020728078480124,0.0
-0.84317244384591239,0.0
-0.64594655270949786,0.0
-0.11287979732539796,3.0
0.33615843881675994,0.0
0.37095222288070701,0.0
0.61279203731567711,3.0
0.89849418939701908,0.0
0.54097293720544759,0.0
0.32281822807135269,3.0
0.26293743492795646,0.0
-0.36650813252168229,0.0
-0.93886575036363962,0.0
-1.0418963726884536,0.0
-1.2032964541641487,0.0
-1.3237119142255922,0.0
-1.0504840938126179,0.0
-0.74332181668828945,0.0
-0.18868438672202956,3.0
0.19710074516586176,0.0
0.58430525040805803,0.0
1.1090057952194068,0.0
1.5376240624524065,6.0
1.8093216007585908,0.0
1.8955738208209931,0.0
1.8532611073103029,6.0
1.3525818699417262,0.0
0.56111149536998473,0.0
-0.34433081349267303,0.0
-1.0767287934668275,0.0
-1.7372599713421264,0.0
-1.9665805168426782,6.0
-1.5820091856974079,0.0
-1.3942356515913219,0.0
-1.187672826774657,0.0
-1.0059278711201658,0.0
-0.85892625626696972,0.0
-0.91066952024942471,0.0
-0.64419922867442703,0.0
-0.29653652752608289,0.0
0.26398006849082056,6.0
0.70965270356820265,0.0
1.0674913592190045,0.0
1.3221257861819513,0.0
1.5623500636295546,1.0
1.5071463573709138,0.0
1.2290287753591407,0.0
1.0161861807005379,1.0
0.73622600126155946,0.0
0.24451819212360132,0.0
-0.27472932858566473,0.0
-0.47458875726955402,0.0
-0.69986570965269768,0.0
-1.0348498285028211,0.0
-1.3365623556959598,0.0
-1.4619050739067723,0.0
-1.4880965900288567,1.0
-1.3163933470214457,0.0
-1.0432817300475168,0.0
-0.63088380683688505,0.0
-0.31313612620679515,0.0
-0.19951300326264135,0.0
0.12721407459394532,1.0
0.62182300904705912,0.0
0.99819728130199459,0.0
1.3053225045458077,0.0
1.5988491801155298,0.0
1.2420943403631446,0.0
0.91120915737295438,0.0
0.99415118731705199,4.0
1.0115246817251657,0.0
1.1309941649207242,0.0
1.3978731499740717,4.0
1.4004428248841652,0.0
1.0456094318577873,0.0
0.79785841725992046,4.0
0.36450908828771378,0.0
-0.20879809175496236,0.0
-0.9099491144981563,0.0
-1.5490019599287341,0.0
-2.0573014699555339,0.0
-2.1714156759307208,4.0
-1.9677779703609606,0.0
-1.6446990576446361,0.0
-1.1967747401859365,0.0
-0.7873367154467622,0.0
-0.61399218184838267,0.0
-0.57744410385159461,0.0
-0.033540633682915356,5.0
0.15612779016765257,0.0
0.4503852089390728,0.0
0.58810624731643413,5.0
0.8757925196823656,0.0
0.45838830382536871,0.0
0.57832194088876243,5.0
0.64377158271417034,0.0
0.81443792094846035,0.0
0.73720972165603671,0.0
0.80779345499244559,0.0
0.50285713016499134,0.0
0.37076767140246075,5.0
0.24741467189056124,0.0
0.060708439540118869,0.0
0.10779557552620274,0.0
0.35553747916773054,0.0
0.31772282981332783,0.0
0.12882080457027123,0.0
-0.011405702823512644,0.0
-0.28548235239349357,0.0
-0.636464851004786,0.0
-0.64070876986094261,4.0
-0.47311741045773809,0.0
-0.49311068573589262,0.0
-0.46284479530059991,0.0
-0.34090624592609747,0.0
-0.50551770431197685,0.0
-0.61102314367742105,4.0
-0.38371303931402623,0.0
-0.51284305876813485,0.0
-0.80450467344677445,0.0
-1.1540869166578458,0.0
-1.4468811738257488,0.0
-1.6519890546773668,0.0
-1.4245489806472336,0.0
-1.143460530816226,0.0
-0.54667159754221784,4.0
0.074043751471061597,0.0
0.44757296965139026,0.0
0.61111415622574328,4.0
0.94593665300883256,0.0
0.87386491715753878,0.0
0.84228989850936276,0.0
0.95841227398579942,1.0
1.3996166727296044,0.0
1.4054327289460509,0.0
1.470400600735384,1.0
1.3928565430245539,0.0
1.2531079760212047,0.0
0.98874917423911457,0.0
0.68172951487888256,0.0
0.49447621580811135,0.0
0.3126036317859624,0.0
-0.04482779370805149,0.0
-0.41147457845991847,0.0
-0.36581506935055114,1.0
-0.32609794266702979,0.0
-0.50000713921914852,0.0
-0.35038528743620023,0.0
-0.59946957191710259,0.0
-0.81371993289892175,0.0
-0.89106082801463538,1.0
-0.8086421490550556,0.0
-0.82826967950869756,0.0
-0.47012952748864079,0.0
-0.099790880029440712,6.0
0.18334672397807283,0.0
0.23433260774784082,0.0
0.30290532828072181,0.0
0.235332782691479,0.0
-0.0046901338882865927,0.0
-0.39211753124696491,0.0
-0.44213731205438972,0.0
-0.72949500814329948,0.0
-0.56793292345756075,6.0
-0.36785229518134804,0.0
-0.15938512253106815,0.0
-0.2134145443704818,0.0
0.041680547442580922,0.0
-0.13847506221206185,0.0
-0.2096925284690794,6.0
0.04623044937317216,0.0
0.36611388423247987,0.0
0.81570483439676766,6.0
1.1922277794822018,0.0
1.4365777141320519,0.0
1.4113652004491122,0.0
1.479365470895073,0.0
1.3722873258518977,0.0
1.3740134761157781,0.0
1.5768678256269066,3.0
1.5946297741323177,0.0
1.2752229068663781,0.0
0.89064375528359796,3.0
0.48484011053437631,0.0
-0.45625644435250867,0.0
-0.83295190944492925,3.0
-0.92399137246832375,0.0
-1.0957280126304449,0.0
-1.2170256179939525,0.0
-1.0385926597473247,0.0
-1.0530085406187997,0.0
-0.93774571775847759,3.0
-0.74992385186897581,0.0
-0.96638880771717783,0.0
-1.2043182513659962,0.0
-1.5786579596956678,0.0
-1.9862447994400421,0.0
-1.9597198724736407,0.0
-1.404315424273342,0.0
-1.0466645083804431,0.0
-0.87442593339365593,0.0
-0.68494885002377714,0.0
-0.84790535347400819,0.0
-0.91164865683971319,0.0
-0.5139645779125589,2.0
0.13387074999456805,0.0
0.90780099596012243,0.0
1.8689718397512414,2.0
2.4818000302388965,0.0
2.5652608344212786,0.0
2.7003727280148087,2.0
2.6688428370554598,0.0
2.1195205334333873,0.0
1.6960861968373859,0.0
1.2879651658550324,0.0
0.47098739168548165,0.0
-0.23669149055738428,2.0
-0.51399614052838938,0.0
-0.8846613627686557,0.0
-0.99342924735965388,0.0
-0.95325464664949744,0.0
-1.0515581776208349,0.0
-1.1164597548495248,0.0
-0.99522379632910352,0.0
-0.81023863184305356,0.0
-0.5293674892113519,0.0
-0.38494510995017955,0.0
-0.59575559773260922,0.0
-0.75171387620184038,0.0
-0.89847106575479374,0.0
-0.96387905668958029,0.0
-0.75099753451611206,0.0
-0.26523843379939432,0.0
0.097973222075398103,0.0
0.40849885983948775,0.0
0.34959434387680266,0.0
0.26982427490394295,0.0
0.15141751377708754,0.0
0.088453299746635988,0.0
0.12137028799001516,1.0
0.50394753037668727,0.0
0.81190833809173435,0.0
0.91025990046523919,0.0
0.78419662033635551,0.0
0.64304768648345301,0.0
0.18621279199844804,0.0
-0.59335284585331405,0.0
-0.98320864628276616,0.0
-0.73164117524497829,1.0
-0.56804029645925491,0.0
-0.3952915355748377,0.0
0.21496966156733444,1.0
0.55842530002702362,0.0
0.15247631712341608,0.0
-0.041489418879652198,1.0
-0.32880109061008767,0.0
-0.75479507410555124,0.0
-0.98422613118468216,0.0
-0.45870833694681634,4.0
0.0067446417025662595,0.0
0.19209977516034146,0.0
0.64842611458606303,4.0
0.99972722109214729,0.0
0.52951272501366686,0.0
-0.023526231373056854,0.0
-0.42874776150091681,0.0
-1.0721262041467847,0.0
-1.6733258968370679,0.0
-2.1347726475637074,0.0
-2.242327656434675,0.0
-1.938543594503003,4.0
-1.6668017023170509,0.0
-1.5334492999433842,0.0
-1.1502654423735892,0.0
-0.85394127057678926,0.0
-0.82644089360371564,0.0
-0.45050941249162385,4.0
0.23427670361527869,0.0
0.63053458724609734,0.0
0.79151322895353748,0.0
1.1857083358137512,5.0
1.3609546958375573,0.0
1.2185966647196653,0.0
1.4969440328200243,5.0
1.8116638718889462,0.0
1.7693142016746928,0.0
1.413575522158165,0.0
0.91172839318795673,0.0
0.36554384166257237,0.0
-0.26323136427643251,5.0
-0.302092394003592,0.0
0.049571244383679595,0.0
0.53859338808882717,0.0
0.855316114500702,0.0
1.0792726480355777,0.0
0.81677769345036388,0.0
0.21228746054605513,0.0
-0.03778514016382592,0.0
0.017483169517285343,5.0
0.21543255596365687,0.0
0.37211989925161798,0.0
0.66902755731339802,0.0
0.49380008752683996,0.0
-0.103022992677215,0.0
-0.87275131506111792,0.0
-1.1633945073831875,2.0
-1.2373522559806749,0.0
-1.2803943603446837,0.0
-1.1842846487729581,2.0
-0.64638244214656582,0.0
-0.2472962107846432,0.0
0.21962347454958811,2.0
0.84681856709583436,0.0
1.1369637366374206,0.0
0.85003152004907589,0.0
0.20708094939961441,0.0
-0.80276507319184764,0.0
-1.5849245433843233,2.0
-1.9734499629242852,0.0
-1.8014458944717684,0.0
-1.1411557434038273,0.0
-0.35315009335193337,0.0
0.11909197263607275,0.0
0.59641926941629786,0.0
0.96743634828823344,3.0
0.9027412634394073,0.0
0.68919880714215154,0.0
0.61564995197738326,0.0
0.31160928485637107,0.0
-0.18930458923515545,0.0
-0.39316100224307104,0.0
-0.5238352021478947,0.0
-0.6025834921320713,0.0
-0.079732042457103192,3.0
0.68312863181515748,0.0
1.1934923061769216,0.0
1.3730271329319954,0.0
1.4528759661469242,0.0
1.057419899279054,0.0
0.56484462780362732,3.0
0.10643689650712211,0.0
-0.14815383004807831,0.0
-0.14535007955885867,3.0
-0.07475408765752449,0.0
-0.10616283921370895,0.0
-0.13172190377361628,0.0
0.22599517040581654,6.0
0.5356522621378107,0.0
0.57195015570078989,0.0
0.52664420676567547,6.0
0.6249106700595739,0.0
0.48074597166968958,0.0
0.14767038087644144,6.0
0.19379178239205713,0.0
0.16969237193135742,0.0
-0.032250635829191653,0.0
-0.35392990882794834,0.0
-0.24039057523771529,0.0
-0.20300815327831484,6.0
-0.044850308799348503,0.0
-0.045196251220641005,0.0
-0.0017339836866910594,0.0
-0.26037650978821941,0.0
-0.66428960845625429,0.0
-0.88064383498901366,0.0
-0.76648773852174523,0.0
-0.5424488735345544,0.0
-0.56148144428392277,0.0
-0.36091451248288997,0.0
-0.44920792352408495,0.0
-0.7549797572936584,0.0
-1.0325772971901528,1.0
-0.96838586052803122,0.0
-1.0288047043807571,0.0
-0.57129596991517095,1.0
-0.067571742323330311,0.0
0.65518598505626535,0.0
1.4710927160341161,1.0
2.0519677264789502,0.0
1.9823097318581664,0.0
1.600456809860247,0.0
1.0474601566135811,0.0
0.19879152982353257,0.0
-0.063660544988583714,1.0
-0.12068745232079674,0.0
0.1957407599824062,0.0
0.47101595524604334,0.0
0.60292947884013759,0.0
0.33668141716572231,0.0
0.12956508649738882,0.0
-0.047850807592168101,0.0
-0.60086914125510893,0.0
-0.95246362118648986,0.0
-1.2655808819523315,0.0
-1.4063338631081708,0.0
-1.3080839970707749,0.0
-0.72387770663077167,6.0
-0.12998649439870363,0.0
0.32868454571628231,0.0
0.60309335402363395,6.0
0.51912800278589766,0.0
0.06013270086479941,0.0
-0.24932587660434802,6.0
-0.37792042239811274,0.0
-0.4737919254700414,0.0
-0.64549648936214321,0.0
-0.53184469299652848,0.0
-0.75847963681044583,0.0
-0.60859171359207798,6.0
-0.52039215894057822,0.0
-0.062467468182415054,0.0
0.30684255648240427,0.0
0.9905096238524238,3.0
1.1818690781022467,0.0
1.1969671677477716,0.0
0.74168398472160857,0.0
0.349299869385087,0.0
-0.1480884738316279,0.0
-0.39664535461283196,3.0
-0.3274864240215864,0.0
-0.15001302202766809,0.0
-0.19122613720992546,0.0
-0.44931001115016678,0.0
-0.75746247412313827,0.0
-1.1061852020204539,0.0
-1.2107751307523065,0.0
-0.91054707237459431,0.0
-0.21446157579261985,3.0
0.49264422736262975,0.0
1.0931636426967399,0.0
1.7068196483869114,3.0
2.2647605339305898,0.0
2.2885927124256096,0.0
2.0127028443335897,0.0
1.8539667601546406,2.0
1.452136741060793,0.0
0.70846739816651338,0.0
-0.0095828705434420867,0.0
-0.64306578191234087,0.0
-1.2415377056940982,0.0
-1.7099116943112074,0.0
-1.8164376770660668,0.0
-1.5471052688670772,0.0
-1.1793245518865958,2.0
-0.71875621733785666,0.0
-0.5377336170637973,0.0
-0.51987908040343644,0.0
-0.76423945033873508,0.0
-0.81153955857575699,0.0
-0.72620879674895578,2.0
-0.36059125125384484,0.0
-0.10395347415825162,0.0
0.61819379873881286,2.0
1.1631456403812872,0.0
1.039442864478382,0.0
0.92578383145772247,0.0
0.93121833439132684,5.0
0.78464121527681063,0.0
0.27298078731482711,0.0
0.42551502087598986,5.0
0.41404717493091125,0.0
0.44381599377232911,0.0
0.21149837277850439,5.0
0.47040904915738257,0.0
0.15457629883571569,0.0
-0.13629794017953367,0.0
-0.48646901725387476,0.0
-0.64700528237548982,0.0
-1.0524928688116977,0.0
-1.0107468360644083,0.0
-0.88674896995417318,0.0
-0.49748368987433561,5.0
-0.18185670215651095,0.0
0.13681784784878342,0.0
0.049081793673510371,0.0
0.19864335687273574,0.0
0.14808712123448639,0.0
0.25245605004074773,0.0
0.31759823611764176,0.0
0.51964045371659195,0.0
0.3344303215977274,0.0
0.23245976084803346,4.0
0.11732864434477724,0.0
0.34576142580612457,0.0
1.0753569798882903,4.0
1.740178389276144,0.0
1.9345981092382643,0.0
1.9431423828495591,4.0
1.8268774654893558,0.0
0.76932980337874057,0.0
-0.0185627439518312,0.0
-0.41128849499672548,0.0
-0.8267185531058262,0.0
-1.2166404612246298,0.0
-1.1830612688492821,0.0
-1.2045139500294493,0.0
-1.0464498216426124,4.0
-0.77413598303937836,0.0
-0.65341961339106158,0.0
-0.54698801215764381,0.0
-0.64748692907980021,0.0
-0.80432048446464022,0.0
-0.95766293670126001,0.0
-1.2391391300445649,0.0
-1.3677700068652203,0.0
-1.1424204802602762,0.0
-0.89079716045966006,0.0
-0.45119824882318676,0.0
0.055581358208292721,0.0
0.61469844685541508,0.0
0.89828556842679674,0.0
0.89807405411665464,0.0
0.71440212522417346,0.0
0.62232647806948926,0.0
0.44045333706878342,0.0
-0.94759122649875571,0.0
-0.82790016332590344,4.0
-0.51031742342883613,0.0
-0.38127064760888157,0.0
0.26391470915390719,4.0
0.68991428194533544,0.0
0.81016818584626527,0.0
0.79159089589519549,4.0
1.0314235748735061,0.0
0.7501463531768584,0.0
0.39390465470153418,0.0
-0.089344154976374837,0.0
-0.33394404933298583,0.0
-0.6856546362975745,0.0
-0.78225468254040276,0.0
-0.6504227695290471,0.0
-0.014095941434848361,4.0
0.584087651260358,0.0
1.0842628127316736,0.0
1.1193632133992824,0.0
1.0601323899430446,0.0
0.75527289893932081,0.0
0.1783767000677354,0.0
-0.076415656467498996,0.0
0.13076802913566049,0.0
0.067776054074837319,0.0
-0.0033976513735527541,0.0
0.02684376779795233,0.0
0.17318543013921472,0.0
0.31152550541900981,5.0
0.78317518922373697,0.0
1.0568799621850418,0.0
1.4230560522595499,5.0
1.3209020532925904,0.0
0.90891833230719399,0.0
0.55563903352566146,5.0
0.32856536918067081,0.0
-0.11386707363444373,0.0
-0.62043182533817998,0.0
-0.74212308595831999,0.0
-1.070701930190487,0.0
-1.0772684454371086,5.0
-0.87278862809440527,0.0
-0.59170096254018179,0.0
-0.20747037883109642,0.0
0.23362868134800849,0.0
0.20778852447746854,0.0
-0.059671489535290986,0.0
-0.22393039962596378,0.0
-0.50199677422674704,0.0
-0.82990907101732492,0.0
-0.63359764459809575,2.0
-0.43646359073781033,0.0
-0.20283886987958236,0.0
-0.062163021832025607,2.0
0.072349028010295358,0.0
0.046712963799180135,0.0
0.23300972647732315,2.0
0.33305640133979936,0.0
0.23911082494035502,0.0
0.062285316382839691,0.0
-0.26764583101375267,0.0
-0.62146802600863937,0.0
-0.69561444465555788,2.0
-0.57034422664365125,0.0
-0.46331690196698883,0.0
-0.21397701659118309,0.0
0.1203897820144062,3.0
0.32383918300778874,0.0
0.446322373025479,0.0
0.72749097902914939,3.0
0.94055415169791656,0.0
0.94702761631851418,0.0
0.94971330595022208,3.0
0.94108501618164664,0.0
0.50829729714395633,0.0
0.051562208040428319,0.0
-0.47098056643293673,0.0
-0.95218166799143467,0.0
-0.97788482418728073,3.0
-0.55160065576963069,0.0
-0.26505449448704871,0.0
-0.17993931496168203,0.0
-0.10107709225610428,0.0
-0.34213541697096517,0.0
-0.64443475828196428,0.0
-0.62826653505803798,0.0
-0.049687682896775429,0.0
0.55941903300169515,0.0
0.99659891240443943,6.0
1.5933098545102584,0.0
1.6086994927965048,0.0
1.2639842465146125,6.0
0.78534393250831269,0.0
0.37291522793335202,0.0
-0.1435957596567235,6.0
-0.22284618261568884,0.0
-0.23025441995836504,0.0
-0.18651396137626264,0.0
-0.24837241272393981,0.0
-0.45062062353207583,0.0
-0.61205976939420603,0.0
-0.7704115974753255,0.0
-0.89146177200146259,0.0
-0.71195074295808813,6.0
-0.33357699202361796,0.0
-0.16327887007513281,0.0
-0.061758913934727239,0.0
0.12204321589532706,0.0
0.043467288435222476,0.0
-0.047086111738409396,0.0
0.062707922942552272,0.0
0.0072958078142550996,0.0
-0.30120779775634382,0.0
-0.38814090171800925,0.0
-0.54844569560181156,0.0
-0.71253879172322232,0.0
-0.22692101392613181,1.0
0.47752881823555055,0.0
0.83855970255692636,0.0
0.73400336899946783,0.0
0.64453375032809235,0.0
0.15995907269308673,0.0
-0.240888546591601,1.0
-0.50430713865617671,0.0
-0.36022754095132509,0.0
-0.077403916398944908,1.0
0.023311085721888235,0.0
-0.16791472216894121,0.0
-0.0074313501485764599,1.0
0.16637923587977452,0.0
0.072771834667413479,0.0
0.0852240921843056,0.0
0.34809934945942095,4.0
0.3808950433715983,0.0
0.4051524832596301,0.0
0.23154473562471736,0.0
-0.1239667732848182,0.0
-0.33579774053520256,0.0
-0.52301909212883901,4.0
-0.61166148844656421,0.0
-0.60333255426926569,0.0
-0.21984832714336783,4.0
-0.0085715220649389603,0.0
0.28015550165293074,0.0
0.53858885051170247,4.0
0.63961238923455788,0.0
0.55806297590433218,0.0
0.26465762735403725,0.0
-0.23010982564133156,0.0
-0.62075538565527644,0.0
-0.72494308016388997,0.0
-0.93081676758677101,0.0
-1.0563395145617025,0.0
-0.78930538723562604,0.0
-0.20325255968863593,1.0
0.21805851826115613,0.0
0.76246647542951418,0.0
1.2779945840420797,1.0
1.4754694080671269,0.0
0.83780177746647011,0.0
0.12153740525073702,0.0
-0.51945085905310295,0.0
-1.001500803911481,0.0
-1.3688160527447022,0.0
-1.4091199578705986,0.0
-1.1143424828323554,0.0
-0.55105552896586962,1.0
0.033993224781700679,0.0
0.43365079205646623,0.0
0.58011596940238097,0.0
0.53575810584129613,0.0
0.25117541463847692,0.0
-0.044507788995014605,1.0
0.026549757665056579,0.0
0.42778384526095131,0.0
0.99775553006733897,0.0
1.4095824370651528,6.0
1.6421016417739069,0.0
1.2082174037552877,0.0
0.62936949528998587,0.0
-0.13507892895798332,0.0
-0.75431142183105093,0.0
-1.2986108321895198,0.0
-1.4475267139209684,0.0
-1.2329045653886723,0.0
-0.8307612825374836,6.0
-0.29632870321985089,0.0
0.12364145560787265,0.0
0.35972568880361749,0.0
0.10903319130139962,0.0
-0.12780820492861947,0.0
-0.31801978633409622,6.0
-0.34796638659643497,0.0
-0.49615125993275422,0.0
-0.32698608925996447,6.0
-0.17646294727909878,0.0
-0.26099062640972898,0.0
-0.56147575560536811,0.0
-0.27736938044614179,3.0
0.015078006910286964,0.0
0.26605863133428975,0.0
0.26474052957394933,0.0
0.42136374216756028,0.0
0.17547150721998245,0.0
0.040785280284556996,0.0
-0.27550159020512366,0.0
-0.34168638328721568,0.0
-0.18169759362538976,3.0
-0.058877782418517328,0.0
-0.23025621024443679,0.0
-0.42047696552562253,0.0
-0.46655132729912613,0.0
-0.58470541491233918,0.0
-0.32367284446828365,3.0
-0.014056942055331135,0.0
0.46144053072321772,0.0
0.75448233542520182,3.0
0.99664259142417522,0.0
0.8005297911083753,0.0
0.990141400477212,0.0
1.2487348113199481,2.0
1.5349478828306407,0.0
1.3827305578971725,0.0
0.98303782780703475,0.0
0.11245399304109681,0.0
-0.73922685836196511,0.0
-1.7780455279444409,0.0
-2.2305659079606732,0.0
-2.0621410354383731,0.0
-1.5883832703917165,2.0
-1.0169703624035167,0.0
-0.15669012814290414,0.0
0.41761987600719558,2.0
0.85201250964968411,0.0
0.9542990045505938,0.0
0.93672735276516106,2.0
0.81791937891640187,0.0
0.63163597528121729,0.0
0.21211271295326611,0.0
-0.067617171469232074,0.0
-0.3314046713890495,0.0
-0.37771149380339258,0.0
-0.25973960528850398,0.0
0.14217066410444501,0.0
0.27771732255582365,0.0
0.37103785312903226,0.0
0.01835427071621161,0.0
-0.36040310956270644,0.0
-0.55076189813731058,5.0
-0.46183641277934839,0.0
-0.49025398305260914,0.0
-0.29230201935047528,5.0
0.084931580979740753,0.0
-0.045788485226470825,0.0
0.082271286129712462,5.0
0.095825015605755445,0.0
0.13475016771036238,0.0
-0.23450503697774697,0.0
-0.46052193443509493,0.0
-0.80765340872050562,0.0
-0.83416480630345746,5.0
-0.83885413548536858,0.0
-0.66285973382115715,0.0
-0.42420568042345747,0.0
-0.40272364740457223,0.0
-0.35280407077440712,0.0
-0.19374757586749328,0.0
-0.13596963413181221,0.0
0.15569412169667485,0.0
0.42335590885784519,0.0
0.62088000774327812,0.0
0.71577678897483599,0.0
0.87629257241103076,0.0
0.66456111980131649,0.0
0.59834297221158617,0.0
0.47239537664749409,0.0
0.27940902129612433,0.0
0.12572112511819977,0.0
0.12534646334736724,0.0
-0.58794661115040325,0.0
-0.36548986176872839,0.0
-0.23042115594574808,0.0
-0.10447370071042744,0.0
0.15644685836850944,6.0
0.67898233726067236,0.0
0.7638166782017497,0.0
0.6645937587360663,0.0
0.62123147062052309,0.0
0.49710524155492641,0.0
0.0089442248134789515,0.0
-0.41801503891022096,0.0
-0.34935414191770808,0.0
-0.20432679009250176,6.0
-0.090420893246928993,0.0
0.042303954119102379,0.0
0.42238041152386274,6.0
0.67763257044237823,0.0
0.56655897064232252,0.0
0.52880652756119739,6.0
0.65334347029069362,0.0
0.35239026095599862,0.0
0.099840022975090439,0.0
0.19896598620172698,1.0
0.36193860288887725,0.0
0.19393433347358832,0.0
0.45515477072409571,1.0
0.4923289979951852,0.0
0.51385292970742136,0.0
0.29803602649417987,1.0
0.53128139007974784,0.0
0.25234208622607684,0.0
0.082088440434026577,0.0
-0.19331650813433129,0.0
-0.3970297264618371,0.0
-0.73801428942045688,0.0
-0.68193081971498037,0.0
-0.7170316472899172,0.0
-0.38575627828003217,1.0
-0.12966248578418327,0.0
-0.018955658073206233,0.0
0.077013933881006288,0.0
0.32851540185206968,0.0
0.25482121577357408,0.0
0.24302504102164202,0.0
0.54589790606276323,4.0
0.81618041673251418,0.0
0.78784788887042567,0.0
0.39728523560576101,0.0
0.066261765581508383,0.0
-0.43125668909380727,0.0
-0.54927939096774747,4.0
-0.33608933599522034,0.0
-0.148132951269212,0.0
-0.22680776413127993,0.0
-0.22338795757919247,0.0
-0.50251191756024993,0.0
-0.88060605504774048,0.0
-0.78975284376334587,0.0
-0.54895608508949856,0.0
-0.2653723147429099,4.0
-0.021880751440809483,0.0
-0.019796496961176763,0.0
0.19340692588309358,4.0
0.14553490171667169,0.0
-0.18773071010439071,0.0
-0.49035119369303104,0.0
-0.21330545308509535,5.0
-0.17777729420488203,0.0
-0.09551232739641223,0.0
-0.046423912182511809,0.0
-0.15622167286340913,0.0
-0.47597061719420053,0.0
-0.51966608219011035,5.0
-0.40929751140678544,0.0
-0.12581042371524798,0.0
0.48537453527906754,5.0
0.98794683345334444,0.0
1.162465606521079,0.0
1.4936813450631745,5.0
1.5511155141955619,0.0
1.2548132846162476,0.0
0.63551198059348812,0.0
0.021297764479264191,0.0
-0.52946531739861413,0.0
-0.71214246728477792,0.0
-0.94379575966131779,0.0
-0.81051964083857009,0.0
-0.55269790157065646,0.0
-0.21163436713204387,2.0
-0.048064755827273764,0.0
0.1736824131488687,0.0
0.31072859468833713,2.0
0.23333633955888139,0.0
-0.15048492767111615,0.0
-0.27472888032956827,2.0
-0.22103024774669913,0.0
-0.091809357151973636,0.0
-0.16672179971044429,0.0
0.21685545724958694,0.0
0.43265595600677237,0.0
0.29049348253033297,0.0
-0.028264730774040851,0.0
-0.21256959385492266,0.0
-0.46932982554003738,2.0
-0.6165581266124357,0.0
-0.580567899780568,0.0
-0.47497171343323263,0.0
-0.25652439744148892,0.0
-0.36968175159379324,0.0
-0.45107833452314844,0.0
-0.24275421042550713,3.0
0.080874647714413314,0.0
0.43209037524039157,0.0
0.54705054447655244,0.0
0.37457398239891043,0.0
-0.0039163606735091753,0.0
-0.21079202499822811,3.0
-0.41255674286622074,0.0
-0.58784876996050883,0.0
-0.37573307925700433,3.0
-0.11686143932036869,0.0
0.055928873885537078,0.0
0.22343505395617586,3.0
0.68737314952039019,0.0
0.72327501918157444,0.0
0.59344456556576763,0.0
0.38536954573692583,0.0
0.23086232186715247,0.0
0.046650552251548467,0.0
-0.047965436056070815,0.0
0.11805795184524084,0.0
0.18551236980973218,0.0
0.38352638969628888,6.0
0.65467241137568633,0.0
0.85585473292804293,0.0
0.92243405171710224,6.0
0.95684207673449662,0.0
0.6942757355605873,0.0
0.1716330257075448,0.0
-0.16394346963821504,0.0
-0.5641762589532695,0.0
-0.6636486184490914,6.0
-0.56485213393993039,0.0
-0.34010665290032377,0.0
-0.43009167795926545,0.0
-0.2107799800267281,0.0
-0.41966100315475968,0.0
-0.73415506151693599,0.0
-1.1545780585452459,0.0
-1.0514850488241916,0.0
-1.0594783305199476,6.0
-0.6808964692039855,0.0
-0.40132592829577146,0.0
0.14433195735129223,0.0
0.5952152728705794,3.0
0.70728683110544355,0.0
0.33838353232960727,0.0
-0.040026259583193884,0.0
-0.4242261559899429,0.0
-0.94105856340139959,0.0
-1.2031201572124868,0.0
-1.0854669858194823,0.0
-0.80571597960980901,0.0
-0.37334243490765268,3.0
-0.15328763884899893,0.0
-0.076603270451336025,0.0
-0.13702715765346546,0.0
-0.28341810606631668,0.0
-0.49985301934311649,0.0
-0.19311988794247026,3.0
0.15847278564761083,0.0
0.48655259426487829,0.0
1.1082513506626102,3.0
1.524690603302866,0.0
1.3527202949765564,0.0
1.3142494575656294,0.0
1.3250420878565361,2.0
1.0407319980247005,0.0
0.66201040523146382,0.0
0.6106978769274235,2.0
0.40929018016113267,0.0
-0.026618954492189505,0.0
-0.39782833447522692,2.0
-0.37037008314400044,0.0
-0.23419794391481902,0.0
-0.0035960525110035457,0.0
0.29723010679191064,0.0
0.53335958138869355,0.0
0.64473437171502046,2.0
0.67423362010683663,0.0
0.35296233622104262,0.0
0.10553014341695854,0.0
-0.072762832988465975,0.0
-0.40596352460037843,0.0
-0.89190946505388835,0.0
-1.176461883053479,0.0
-1.3090538271990604,0.0
-1.3422824715106931,0.0
-1.4229114803286216,0.0
-1.2905972665171437,0.0
-0.94104611170320884,0.0
-0.41066797610522848,5.0
0.073162445570196258,0.0
0.42033124529665572,0.0
0.748912056312529,5.0
0.90320222459892752,0.0
0.72636792153894525,0.0
0.71015286901921526,5.0
0.92672980520294823,0.0
0.71117410630976485,0.0
0.46550398128269971,0.0
0.3409475343643717,0.0
-0.10465981869347207,0.0
-0.28165798622687321,5.0
-0.38982060691926773,0.0
-0.42100579788082454,0.0
-0.31999774113475254,0.0
-0.10130439552796562,0.0
-0.2753484045750183,0.0
-0.21714108709665281,0.0
-0.019895714181559023,0.0
-0.056899703581845693,0.0
-0.13532181708268057,0.0
0.090089574727883842,4.0
0.35849150195208068,0.0
0.46207992773480527,0.0
0.72872155490845936,4.0
0.86250805968693411,0.0
0.65162594947906449,0.0
0.43075982390820755,4.0
0.26616273608672114,0.0
-0.19188862307341092,0.0
-0.59366091643024554,0.0
-0.84643881136030552,0.0
-0.95472443060562207,0.0
-1.022947037043058,0.0
-0.99061996130304619,0.0
-0.89297631041161152,0.0
-0.50106485782306365,4.0
-0.45124940951954468,0.0
-0.45127226419084115,0.0
-0.32234892260524772,0.0
-0.15601700291740428,0.0
-0.25589955407528514,0.0
-0.13140362595948768,0.0
0.097414718177611645,1.0
0.27604003506086988,0.0
0.38697228394169231,0.0
0.66908638563429479,1.0
0.75246852652224139,0.0
0.60883273175357577,0.0
0.60485876393986637,1.0
0.63811274681544172,0.0
0.20622797667669931,0.0
0.010651960369967703,0.0
-0.081237709977405467,0.0
-0.09564778729877893,0.0
-0.23531940917479216,0.0
-0.19589864795484294,0.0
-0.2594792364287043,0.0
-0.035815032700372729,1.0
-0.052516324240671049,0.0
0.0090843192541252629,0.0
0.057340232754259979,0.0
0.0745939637596022,0.0
-0.23479888836537882,0.0
-0.40456458387770883,0.0
-0.45017343545351202,0.0
-0.27613367784932724,0.0
-0.08616470324833167,0.0
0.10799395929132388,0.0
0.17809119164523474,0.0
0.12208385288790241,0.0
-0.10070008596946764,0.0
-0.22812716925967919,0.0
-0.22542586151522095,0.0
-0.14188948327857273,0.0
0.0065037602283446886,0.0
0.17408241478138614,0.0
-0.51522574720658587,0.0
-0.32960610507642946,0.0
-0.151428028190491,0.0
-0.11509668363744395,0.0
0.1733903114368239,0.0
-0.028097048379603421,0.0
-0.35245354843457949,0.0
-0.44152538785395934,2.0
-0.0061652541878076741,0.0
0.29042269075334276,0.0
0.71280317820063732,2.0
1.1003391459589347,0.0
1.1999428092175939,0.0
1.0006048061420567,2.0
1.0986401586847159,0.0
0.72044019466264864,0.0
0.35698544021426187,0.0
0.038615699688596031,0.0
-0.31979451736774706,0.0
-0.50565363326790769,2.0
-0.27760269061341891,0.0
-0.18032008062524105,0.0
-0.14346349428801983,0.0
-0.041298065177570072,3.0
0.070406436991954369,0.0
-0.010978001576273124,0.0
0.37909605062159596,3.0
0.7570368708074483,0.0
0.92749563143895664,0.0
0.60439331821578079,0.0
0.36718686292673752,0.0
-0.17002010683357596,0.0
-0.34181895680154106,3.0
0.01053012524800493,0.0
0.17879328847761081,0.0
0.14205208519020471,0.0
0.24725646071131843,0.0
-0.16069604239579252,0.0
-0.90625516262741024,0.0
-1.3089593081905535,0.0
-1.2760904898481555,0.0
-1.1089847300101716,3.0
-0.71914044755357365,0.0
-0.51300081415473098,0.0
-0.19491020809880799,0.0
-0.021946449376386408,0.0
-0.062335080300973206,0.0
-0.25588674954678464,0.0
0.021233258756535606,6.0
0.24764706075560625,0.0
0.50111341832514034,0.0
0.42638680001582224,0.0
0.53511847939790325,0.0
0.095906407064884056,0.0
-0.20370567499735526,0.0
-0.58869988817382246,0.0
-0.50830581527073382,0.0
-0.35722158047341213,6.0
0.22225355776223132,0.0
0.40906199209763433,0.0
0.89655719958971314,6.0
1.1606133844064412,0.0
1.182131616089819,0.0
1.0252784871045277,6.0
0.96220644241700981,0.0
0.60008019526309475,0.0
0.33517353667018884,0.0
0.45423081650880059,1.0
0.47176671089698674,0.0
0.4117849732045426,0.0
0.19502340297329596,0.0
-0.28031448590726316,0.0
-1.0189926535377354,0.0
-1.6728749407413748,0.0
-1.9859894891673264,0.0
-2.0884196935362871,0.0
-1.478154259489346,1.0
-0.74180917881498942,0.0
-0.13153216125561765,0.0
0.052661889073302978,0.0
-0.042697772894337224,0.0
-0.48898951951830616,0.0
-0.62669221683312282,1.0
-0.54162033504963947,0.0
-0.13055982321482762,0.0
0.64603440365102027,1.0
1.3418263778226209,0.0
1.4526373321889314,0.0
1.3760145724127837,0.0
1.4769813106260159,4.0
1.68278474098428,0.0
1.3133469522549563,0.0
1.0586855818470575,0.0
0.5794923401662152,0.0
0.031026731787753923,0.0
-0.38930096251035623,4.0
-0.18962016823939798,0.0
-0.08477190730823822,0.0
0.49681068296271519,4.0
0.79067220551984807,0.0
0.45198207674807767,0.0
0.20172316145983141,4.0
0.19131917731964229,0.0
-0.17780128566945422,0.0
-0.65093678700894586,0.0
-0.83111177632455502,0.0
-0.89859950835082847,0.0
-1.229512274941583,0.0
-1.3084508532772383,0.0
-1.259881666658857,0.0
-0.9914573424341192,0.0
-0.87797883800752019,0.0
-0.46702944602627899,0.0
-0.3611393449403742,0.0
0.11189970968069211,5.0
0.43587150246025219,0.0
0.68311266359877254,0.0
0.62318421440925054,0.0
0.69682168804788136,0.0
0.51257383281309665,0.0
0.30132866850759693,5.0
0.27629264643501938,0.0
0.16589626678665481,0.0
0.15901212895994948,5.0
0.22151610846716638,0.0
0.0077112978710514105,0.0
-0.065312902738153766,5.0
0.062784023026130231,0.0
0.043649750910032939,0.0
-0.26327417909301765,0.0
-0.15950849396806324,0.0
-0.30654696130693471,0.0
-0.33074300580404414,0.0
-0.16827309617032876,0.0
0.077637300417487676,0.0
0.028072473685901489,0.0
0.022314919695023597,2.0
0.15130479957239432,0.0
0.10934368174166964,0.0
-0.069200386382809981,0.0
-0.10672897990329061,0.0
-0.27830700839014727,0.0
-0.54505406092100328,0.0
-0.73394033939515924,0.0
-0.43860318174030266,0.0
-0.081456170665982167,2.0
0.30653056242232118,0.0
0.3957279948146496,0.0
0.62296438864833215,2.0
0.61434097930091591,0.0
0.56430917777529066,0.0
0.58726654925369182,2.0
0.80372417045530298,0.0
0.61509816547019558,0.0
0.50428497045244935,0.0
0.27349333343570398,0.0
-0.1046224721045059,0.0
-0.5570656241517945,0.0
-1.0671459377306209,0.0
-1.4424722603760527,0.0
-1.4845551657878353,0.0
-1.0907406415128014,5.0
-0.46254005198473575,0.0
0.39300580959138109,0.0
0.81063076018706071,0.0
0.89848416224731587,0.0
0.62725362276201602,0.0
0.4166063289909373,5.0
0.19244756714654926,0.0
0.028346738203850051,0.0
-0.0037928297639076153,5.0
-0.1638880940456284,0.0
-0.57099160609399746,0.0
-0.55863723195685622,5.0
-0.13305230855334865,0.0
0.021799024741987465,0.0
0.4487143326459932,0.0
0.88683897929879396,4.0
0.99156280707203648,0.0
0.64889202337629559,0.0
0.46224622582608005,4.0
0.27157500507198429,0.0
-0.12344588352796504,0.0
-0.40608160243974201,0.0
-0.46981639188128899,0.0
-0.23649361146605541,0.0
-0.48786512632861501,0.0
-0.47341569333263395,0.0
-0.5123080778794139,0.0
-0.23568973937047921,4.0
-0.14911243427415838,0.0
0.18553521514206386,0.0
0.46799139060449568,0.0
0.34316936434244605,0.0
0.13280486111149831,0.0
-0.011012742340699658,4.0
0.025562184453974467,0.0
-0.08693714100333759,0.0
0.3790483685701363,0.0
0.59529194367091764,1.0
0.92449779080979255,0.0
0.91513176804056895,0.0
1.1021805471714037,0.0
0.82151082246120755,0.0
0.46457611028195217,0.0
-0.32901232459452912,0.0
-0.71348152896182637,0.0
-1.2479571559129887,0.0
-1.0317163613700295,1.0
-0.91734567225527242,0.0
-0.50855736770117754,0.0
-0.18845470851460272,1.0
0.36901882061640362,0.0
0.37005315449811016,0.0
0.42756308667385678,1.0
0.47038770612050423,0.0
0.31711615953868533,0.0
0.12686295588032764,0.0
-0.087052906427644627,0.0
-0.39307807037690085,0.0
-0.37705743733180958,0.0
-0.15335472006703579,6.0
0.0026654442931939486,0.0
-0.04122909084249942,0.0
0.13016523434476227,6.0
0.043653771501996709,0.0
-0.37846822412560571,0.0
-0.73836116755222547,6.0
-0.59527342791366933,0.0
-0.63753919449444152,0.0
-0.51584408599899612,0.0
-0.23689053783569286,0.0
-0.081957733480735775,0.0
-0.012560708875940838,6.0
0.1777953306468987,0.0
-0.029639856505408246,0.0
-0.072413627055453553,0.0
-0.041234831896611722,0.0
-0.13773904304182982,0.0
-0.38317018526364516,0.0
-0.38551866604391172,0.0
-0.61299971661588326,0.0
-0.45760889447529157,0.0
-0.15643654680348215,3.0
0.4929309204207375,0.0
0.76752158662174108,0.0
1.0456654943194532,0.0
0.75332916800251459,0.0
0.45828867352396335,0.0
0.25332382421891764,3.0
0.31309430311312153,0.0
0.41409095082749042,0.0
0.62709097813317927,0.0
0.83180644394083458,0.0
0.80541239737749037,0.0
0.62316967158086722,0.0
0.30542358751967341,0.0
0.036050598797999552,0.0
-0.13733126919618269,3.0
-0.19439233506716355,0.0
-0.54267813246652297,0.0
-0.50400473943274171,3.0
-0.238545384922042,0.0
-0.25067177006053259,0.0
-0.27022498784844556,0.0
0.0072391983478639794,0.0
-0.10911785891089355,0.0
-0.58164062216325174,0.0
-0.59641053474338412,0.0
-0.98626648279597129,0.0
-1.0816060878799538,0.0
-0.93847347281961102,0.0
-0.67560183287268671,0.0
-0.68424867970107051,0.0
-0.41292284884821145,0.0
-0.24365292212776321,0.0
-0.17911214542666173,0.0
0.089573203928139819,0.0
0.2298220706077487,0.0
0.38569389817193739,0.0
-0.62624084003847114,0.0
-0.0072904634718067964,3.0
0.75123003808903388,0.0
1.2122072510698019,0.0
1.1634011975118077,0.0
1.1060768498311062,0.0
0.67268819314639461,0.0
0.085858758225064849,0.0
-0.080186521405052752,0.0
-0.16751117176142596,0.0
0.098581704619200169,3.0
0.36079738641262171,0.0
0.57890866936004415,0.0
0.64456125240373785,0.0
0.64706355674112503,0.0
0.50595673870011226,0.0
0.68227025637004213,3.0
0.46740138508264267,0.0
0.24253610874467113,0.0
0.23701746057906928,3.0
-0.16898031100644345,0.0
-0.82196739266528063,0.0
-0.95726069937204294,0.0
-0.85946768221953174,6.0
-0.88532675365310176,0.0
-0.6875850344075668,0.0
-0.66670690257100251,6.0
-0.45555167033654204,0.0
-0.45154889188683495,0.0
-0.20817911694028224,6.0
0.12451453912917124,0.0
0.42936163611146722,0.0
0.26175778550233864,0.0
-0.0085164882286817862,0.0
-0.18963827522713389,0.0
-0.29296547685468233,6.0
-0.12607457730075353,0.0
0.02530438545385821,0.0
0.25040126076484653,0.0
0.37799828585322603,0.0
0.27316995447293668,0.0
-0.099994777294284895,0.0
-0.28771516703602246,0.0
-0.35304078768962194,0.0
-0.32042102057429656,0.0
-0.22881431660879736,1.0
0.23998688003636068,0.0
0.69449804080500821,0.0
1.1273116619163475,1.0
1.3323620776795477,0.0
1.2885162624850726,0.0
0.95712157220091443,1.0
0.74909566621160328,0.0
0.30314766325207787,0.0
-0.22567332608122623,0.0
-0.53351317696285183,0.0
-0.61020130421565233,0.0
-0.91894653941974336,0.0
-1.0075415733574464,0.0
-1.1174714935854073,0.0
-0.89734253792975116,1.0
-0.83408754249439732,0.0
-0.67621949716362773,0.0
-0.38328662004162334,0.0
0.070046743052597352,0.0
0.22536052395315778,0.0
0.46869617282322296,0.0
0.84940621205444289,4.0
1.0374094488086543,0.0
0.86920223379354766,0.0
0.87920073822079481,4.0
0.93305884029401809,0.0
0.81376536068805649,0.0
0.68489921799207221,4.0
0.95294966840496953,0.0
0.66145485128796966,0.0
0.13053354467282358,0.0
-0.35716537840601953,0.0
-0.79670056236341136,0.0
-1.4205421845228496,0.0
-1.7266348462217003,0.0
-1.7853470778479894,0.0
-1.7694222457748872,4.0
-1.4934704521205697,0.0
-1.1374524190978546,0.0
-0.62056902017328497,0.0
-0.18778734094822963,0.0
0.051299840396599988,0.0
0.1675043837280166,0.0
0.28793669371762237,0.0
0.40706644310141121,0.0
0.49708102687444566,0.0
0.80287621917346141,5.0
1.1396370107931184,0.0
1.3339991889967016,0.0
1.5459427153589382,5.0
1.6106720647338932,0.0
1.3589452446367909,0.0
0.98183143642645798,5.0
0.95129827412976331,0.0
0.42792193205909052,0.0
-0.15686169732674293,0.0
-0.30833772538345522,0.0
-0.58575827051331253,0.0
-1.1402126474593115,0.0
-1.218475913159224,0.0
-1.0678175864331236,0.0
-0.62359365429925073,5.0
-0.010130727792094864,0.0
0.34958804085795053,0.0
0.64142335164845266,0.0
1.0351971860915792,2.0
1.0064820124991924,0.0
0.4715578401794901,0.0
0.47012890666649459,2.0
0.39971882316598412,0.0
0.047054866219480358,0.0
-0.51547330049366979,0.0
-0.65142617286575133,0.0
-0.96911233692198129,0.0
-1.1058150841799075,2.0
-1.046063077962095,0.0
-0.9688710590481634,0.0
-0.9692346526478598,0.0
-0.82675505079660982,0.0
-1.0789028770750448,0.0
-1.3384951605145678,0.0
-1.308069420210729,0.0
-1.2388587662640542,0.0
-1.0705608026627977,2.0
-0.64626758479875923,0.0
-0.19673839564433449,0.0
0.089715218496429439,0.0
0.80710101726726058,3.0
1.2617986979365268,0.0
1.5140277314909463,0.0
1.4008504257823222,0.0
1.0206550033314163,0.0
0.45434932599716793,0.0
-0.12152671236546995,0.0
-0.54483483515936504,0.0
-0.79197792885098306,0.0
-0.46483690889894769,3.0
-0.11975839555640691,0.0
0.15293550593782901,0.0
0.44243320107284595,0.0
0.87443494561947921,0.0
0.93512219074058289,0.0
0.75879446656001737,3.0
0.7882314587825654,0.0
0.67029072607134532,0.0
0.59932993419122349,3.0
0.54947193985637277,0.0
0.55357861202429459,0.0
0.52613959869221594,0.0
0.66618599432929804,2.0
0.74838913184644995,0.0
0.63717877398311973,0.0
0.48450664127295734,2.0
0.35828296557721812,0.0
0.032554050904745876,0.0
-0.36007520726453263,0.0
-0.5879777957985387,0.0
-0.82584483900846062,0.0
-0.92134907383599951,2.0
-0.66087720953143259,0.0
-0.5920361157944144,0.0
-0.41969947133428642,0.0
-0.080855735850709487,0.0
0.16500091224720415,0.0
0.068080854818611716,0.0
0.18567956944392203,0.0
0.23183084898674569,0.0
0.22075111653327156,2.0
0.066227786431432706,0.0
-0.26722857341017947,0.0
-0.61246904549645798,0.0
-0.6659845657883805,5.0
-0.82234405729673765,0.0
-0.77059888297821966,0.0
-0.20126282234936632,5.0
0.22621545078062225,0.0
0.17741116533046028,0.0
0.059580591078114607,0.0
-0.32228048014393662,0.0
-0.67283691706377124,0.0
-0.84644118596927054,5.0
-0.59616670350910816,0.0
-0.6301057544865738,0.0
-0.58377481656800634,0.0
-0.83059678434555184,0.0
-0.93290019864726703,0.0
-1.0980893417444442,0.0
-0.92034408576999782,0.0
-0.64020367205220807,0.0
-0.013531745129291086,5.0
0.36032994735409485,0.0
0.63128658638014634,0.0
0.86963622493915349,0.0
1.085970997896943,4.0
1.1178299092424311,0.0
1.0647416647360541,0.0
0.84032130079521627,0.0
0.69316919143292721,0.0
0.69313856880890268,0.0
0.67238072748570166,4.0
0.90992829626925109,0.0
1.1036689969608033,0.0
1.3089661754538535,4.0
1.0995733128656338,0.0
0.58818204468977742,0.0
0.077695970846591425,4.0
-0.01450589287378262,0.0
-0.36243705371178503,0.0
-0.7536032146598135,0.0
-0.90020333990648482,0.0
-0.97736535080102915,0.0
-1.2906112944174848,0.0
-1.3086115121523798,0.0
-1.3078603877515038,0.0
-1.1733109389485306,0.0
-0.87727012452078557,1.0
-0.23355837751395897,0.0
0.2169759337240422,0.0
0.67348679843817671,0.0
0.5518404496160092,0.0
0.22572985980944962,0.0
-0.2875227390813313,0.0
-0.93655677272714688,0.0
-1.1375322712456168,0.0
-0.76414160787375773,1.0
-0.33538978572114658,0.0
-0.15629961159223399,0.0
0.4299185657712713,1.0
0.73147960728483252,0.0
0.93186269940202648,0.0
1.2133547999189951,1.0
1.6525380171911208,0.0
1.6628618078154964,0.0
1.4651022654971122,0.0
1.0332323413010385,0.0
0.15391349392152104,0.0
-0.62030171549624447,0.0
-0.74752581225271697,6.0
-0.52619911002462449,0.0
-0.031641874607495291,0.0
0.46003872281953578,0.0
0.70193823198620453,0.0
0.40399276550527291,0.0
0.31653806589432099,6.0
0.14471576166671429,0.0
0.050892622488371682,0.0
-0.050873971325969193,0.0
-0.03834221066317272,0.0
-0.41094111498436603,0.0
-0.7986059991989064,0.0
-1.1915002484574437,0.0
-1.2243003197427971,0.0
-0.97944878326543994,6.0
-0.52358056149649457,0.0
-0.19998996687467144,0.0
0.40044797651105291,6.0
0.5916484799099222,0.0
0.415547177923133,0.0
-0.14169147141001892,0.0
-0.45358040709869402,0.0
-0.80473619017246922,0.0
-1.0028586080966695,0.0
-1.0627783340615875,0.0
-0.986847766421034,0.0
-0.87548003652960615,0.0
-0.52679948509489938,0.0
-0.077483871616563352,0.0
0.16489589160848619,0.0
0.43176701019952612,0.0
0.60878924698868109,0.0
0.45299828982443818,0.0
0.26661346984993572,0.0
0.27580310307233025,0.0
0.34483610085131433,0.0
-0.79102093173975729,0.0
-0.45432554560279886,0.0
0.011015074867228669,0.0
0.23559407711980798,0.0
0.26644996848596797,0.0
0.24530309232040889,0.0
0.32193987460899182,0.0
0.53710917253565216,5.0
0.71188402955891084,0.0
0.94660671073080349,0.0
1.3034076323893036,5.0
1.3317395637023763,0.0
1.0612098102098684,0.0
1.1221471548687973,5.0
1.3135535243258574,0.0
0.91642066130185929,0.0
0.64418672276817057,0.0
0.41548243244472127,0.0
0.045002432449390464,0.0
-0.32087564744489583,5.0
-0.37618308079764728,0.0
-0.64173642257493901,0.0
-0.70937369986544996,0.0
-0.28807144524176892,2.0
-0.26863403400795333,0.0
-0.32086150572417282,0.0
-0.21617684618981922,0.0
-0.24823074254406854,0.0
-0.63998709137334642,0.0
-0.76415594873263459,2.0
-0.78544445583790634,0.0
-0.7523648344031395,0.0
-0.74763114955261378,2.0
-0.6117903970832278,0.0
-0.18762703800633754,0.0
0.37737474004413357,2.0
0.96206832135737774,0.0
1.2903805829809945,0.0
1.1152615452236752,0.0
0.55295556484090169,0.0
0.25046986976633356,0.0
-0.10665031862276007,0.0
-0.28904978691128513,0.0
-0.2695670221685092,0.0
-0.006737333693200359,0.0
-0.25828173287766643,0.0
-0.37863675589788243,0.0
-0.52101630269830801,0.0
-0.31381074447063212,3.0
-0.28976107248169558,0.0
-0.072627683428876072,0.0
-0.0053273765348383307,3.0
0.062698872680731613,0.0
0.087245337777999199,0.0
0.15921794995566141,3.0
0.040185089369734715,0.0
-0.061863328446813456,0.0
-0.19616794057719125,0.0
-0.44515076435241957,0.0
-0.8640830870933659,0.0
-0.87716802160070206,3.0
-0.73824590107713506,0.0
-0.53617621904980017,0.0
-0.37151262597112744,0.0
-0.073998950148001383,0.0
0.064069345205343187,0.0
0.20290607087782606,0.0
0.50495598243455186,6.0
0.74159840863471582,0.0
0.86161318861917613,0.0
0.78866225163165082,0.0
0.43603971306319816,0.0
0.37533180709398584,0.0
0.4809948274266771,6.0
0.7071909722827987,0.0
0.95623588505233181,0.0
1.53580470622964,6.0
1.2601674121792732,0.0
0.65799737922906365,0.0
0.24591891664294555,6.0
-0.26385856987901768,0.0
-0.64822690862624333,0.0
-0.74754912477412849,0.0
-0.63809849100840754,0.0
-0.86836689971371928,0.0
-1.0371371080884813,0.0
-1.4662797807796015,0.0
-1.6321381979116598,0.0
-1.3375053110998014,0.0
-0.8795959228699729,1.0
-0.20928277682435198,0.0
0.29095032166073126,0.0
0.41511886154242472,0.0
0.020662506418612052,0.0
-0.2887396768013914,0.0
-0.30364043450853195,1.0
0.07677795540318183,0.0
0.54259532953145373,0.0
0.96524899380921492,0.0
1.1464175184982595,0.0
0.83605914177027829,0.0
0.42879657136328181,0.0
0.40019700010694492,0.0
0.42033461380333692,0.0
0.68931261740991212,1.0
0.88655733582264062,0.0
0.71299498773503867,0.0
0.37923683546597964,1.0
0.076217046279059897,0.0
-0.52581240845940957,0.0
-1.062340315562716,0.0
-0.87607500110051995,4.0
-0.75832614024582912,0.0
-0.7767811212050646,0.0
-0.61200839554960096,0.0
-0.61148585620476714,0.0
-0.92930633184833911,0.0
-0.97424216978130584,4.0
-0.72381261474194358,0.0
-0.87334443952681595,0.0
-0.52238965720854369,0.0
-0.33931249121293688,0.0
-0.38941530637570332,0.0
-0.61623569903180975,0.0
-0.48997438893826989,0.0
-0.70287457470831238,0.0
-0.51677761702722047,4.0
-0.34780492354913128,0.0
0.071299422070894861,0.0
0.53850055711047595,4.0
1.2327884711997348,0.0
1.484696411662201,0.0
1.7401316365157935,0.0
1.8828500931333583,5.0
1.8918660887044583,0.0
1.3283880771041372,0.0
0.86544488910998363,0.0
0.069203693558763199,0.0
-0.75358398562554518,0.0
-1.21893862619352,5.0
-1.1851026050756894,0.0
-1.2329669713333189,0.0
-0.83118121995543215,5.0
-0.31279147524789908,0.0
-0.054347435576096316,0.0
0.22695867506040032,5.0
0.48036783331251487,0.0
0.56681230360505686,0.0
0.28161450600353122,0.0
-0.070269523516983456,0.0
-0.56896640026184442,0.0
-0.84691227479614617,0.0
-1.0918052542419723,0.0
-1.2154905659842588,0.0
-0.90077877637783388,0.0
-0.44145512954826666,0.0
0.20366750698239253,0.0
0.77463730289358068,0.0
1.5613214551919419,4.0
1.8727513676553207,0.0
1.725190053344503,0.0
1.1250340033558826,0.0
0.54375084042814714,0.0
0.010261928805504389,0.0
-0.2650656398215801,4.0
-0.11228304169991687,0.0
0.12340658545045015,0.0
0.30475319982233273,4.0
0.52701769657922504,0.0
0.25904911002762443,0.0
0.1326724819938932,4.0
-0.13154591889338954,0.0
-0.410364220140508,0.0
-1.1200799003842739,0.0
-1.4417775255124843,0.0
-1.946913929323105,0.0
-1.9579381282306849,0.0
-1.7056798774646813,0.0
-1.2755570271868144,0.0
-0.82668547777824564,0.0
-0.21322641811948201,1.0
0.13907433024273994,0.0
0.26767072742792442,0.0
0.42027436044052152,0.0
0.46673215899382586,0.0
0.18358093645631177,0.0
0.028519207310965147,0.0
-0.068432549084299146,0.0
-0.028243005588889678,0.0
0.36604621377576846,1.0
0.83730597089764847,0.0
1.132531105771998,0.0
1.4063598131831079,1.0
1.4199387128264713,0.0
0.59682904528827163,0.0
0.054765186728754224,1.0
-0.56263567406977666,0.0
-1.1142943310814899,0.0
-1.2683198321592106,0.0
-0.64416425731268934,6.0
-0.39362673636114398,0.0
-0.053540287044515411,0.0
0.42580958166431354,6.0
0.5333551450359334,0.0
0.17653805733309835,0.0
0.0017778723938243202,0.0
-0.24298528733868588,0.0
-0.56114219687480327,0.0
-0.58161587791112612,6.0
-0.1449930591399827,0.0
0.10712956071313548,0.0
0.4352329321893138,0.0
0.65749718652898714,0.0
0.4877478406607425,0.0
0.11114244106402044,0.0
-0.25901253062362745,0.0
-0.49941115519237017,0.0
-0.53639720654780898,6.0
-0.23174739914387693,0.0
-0.11941345789189273,0.0
0.27610176744695825,0.0
0.4583711874992048,0.0
0.54855455808543485,0.0
0.27636035150601401,0.0
0.15559343677605389,0.0
-0.26738453127227579,0.0
-0.49362908901351427,0.0
-0.40561071830411322,3.0
-0.18745063898121622,0.0
0.15152330155854637,0.0
0.76052947353137834,3.0
1.0841209721432532,0.0
0.93008443746683533,0.0
0.90862223909008855,3.0
0.74183753583480949,0.0
0.21931778638844068,0.0
-0.37987546483861206,0.0
-0.79256491826681075,0.0
-1.0373881739656339,0.0
-1.0132192271248468,3.0
-0.78626921919830806,0.0
-0.6012514539709245,0.0
-0.45643165930756585,0.0
-0.31492348430942418,2.0
-0.44175473595478909,0.0
-0.62108026468188093,0.0
-0.49825892327433835,2.0
-0.24883660962671861,0.0
-0.11647975468501202,0.0
-0.15894623115048662,0.0
-0.17450367776800868,0.0
0.029873758158086624,0.0
0.26214330336539182,2.0
0.50156731452715009,0.0
0.77687508830802399,0.0
1.0023038039106933,0.0
0.97038130791851474,0.0
0.84391123287763503,0.0
0.50464084279380628,0.0
0.30127207482383372,0.0
0.18232109699619495,0.0
0.38618824091503562,2.0
0.43065610671486748,0.0
0.37703130275641994,0.0
0.21742510108000787,0.0
0.09661710763926136,0.0
-0.41462853743900024,0.0
-0.75187718492329048,0.0
-0.88159723129506451,0.0
-0.80795768520198741,0.0
-0.80176565184135395,0.0
-0.61124041451186928,0.0
-0.22903870179125882,0.0
0.061182401761913169,0.0
0.28410289539784944,0.0
0.41163377379585664,0.0
0.60306407510356697,0.0
0.26423391845728617,0.0
0.005557034592750516,0.0
-0.265864866913463,0.0
-0.69728924653277913,0.0
-0.12660220674540951,1.0
0.56976532960662563,0.0
0.99575700616103502,0.0
1.0319188037354723,0.0
0.86969263967798305,0.0
0.31673617035799218,0.0
-0.51320852263396899,0.0
-0.89494382558007035,0.0
-0.99164686431724014,0.0
-0.6581140190944974,1.0
-0.20722922671558353,0.0
0.16033187843627814,0.0
-0.046388199571769283,0.0
0.091568824126747037,0.0
-0.19612661053925079,0.0
-0.13584115414214876,1.0
0.086066612045996985,0.0
0.55954459613470597,0.0
0.84627980052272334,1.0
1.1073304813494511,0.0
0.73762798351523506,0.0
0.48439043679500665,0.0
0.79210650537692895,4.0
1.0904207625527755,0.0
0.98653331915604514,0.0
1.1930520697099283,4.0
1.220252958852208,0.0
0.72900158652902913,0.0
0.36924695853181305,4.0
0.19990306130802596,0.0
-0.11468556394689476,0.0
-0.32645976180495928,0.0
-0.50089620318289674,0.0
-0.97576755009030647,0.0
-0.71362307398876257,4.0
0.23193717775546291,0.0
0.61775396988054621,0.0
0.9700529411876343,0.0
1.2131716530569314,0.0
0.81484528333717821,0.0
-0.19427485070528974,0.0
-0.63972974961772977,0.0
-0.6979536139107837,0.0
-0.38458481770130876,0.0
0.089693715258195333,0.0
0.2986931735402219,0.0
0.140039015764128,0.0
-0.2478397227049183,0.0
-0.72540849826542753,0.0
-1.3794020663799569,0.0
-1.6216152021343404,5.0
-1.2822773633912918,0.0
-1.1988140737321982,0.0
-1.1912521381905212,0.0
-0.98169095064266376,0.0
-0.80573672657349327,0.0
-0.53630883495751769,5.0
0.020213354008585222,0.0
0.33941826222034416,0.0
0.74489251706387338,5.0
0.89240442079135096,0.0
0.70696928982509011,0.0
0.67124817349604882,5.0
0.78326344445533713,0.0
0.42254320050398225,0.0
0.46803499883164595,0.0
0.60851437714714807,0.0
0.34906784955883741,0.0
-0.0061154639333308967,0.0
-0.0056972962011287084,0.0
-0.2478230201184814,0.0
-0.32124147671330799,0.0
0.0012206902693421742,2.0
0.72897664421204023,0.0
1.0600389042181759,0.0
1.1508224425726488,0.0
0.84153575727823515,0.0
0.24046235788998449,0.0
-0.3344301377549902,2.0
-0.50243339391373698,0.0
-0.69845318339665263,0.0
-0.70859215626005512,2.0
-0.36636884875573617,0.0
-0.35673917678870026,0.0
-0.3767352106904327,2.0
-0.10629090270865098,0.0
0.21534126528720945,0.0
0.15771101488261843,0.0
0.3731934810928233,3.0
0.49087911548669921,0.0
0.25335941944234691,0.0
0.13631535832513872,3.0
0.14603439534619128,0.0
-0.19547024829553827,0.0
-0.24222389104087172,3.0
-0.019206976741344913,0.0
-0.1129924643518955,0.0
-0.33570395877276615,0.0
-0.48054320416236834,0.0
-1.0109827716849784,0.0
-0.94921275734388666,3.0
-0.63674119906502435,0.0
-0.1187288988080068,0.0
0.15608556309828472,0.0
0.46277026922644415,0.0
0.12323209678855768,0.0
-0.17256171531211936,0.0
-0.48405510793347012,0.0
-0.61653566943554616,0.0
-0.41888032465970637,0.0
0.10614376192668251,0.0
0.14647250092263633,0.0
0.16872459461154671,0.0
0.10535509232341006,0.0
-0.17393307161778176,0.0
-0.79884805230582268,0.0
-0.72992202472868106,6.0
-0.60306940307792589,0.0
-0.61807369239290344,0.0
-0.19678919728199676,6.0
0.46948036407072263,0.0
0.66265507260543799,0.0
0.75920664731693299,6.0
1.2754914485253952,0.0
1.1240396243327675,0.0
0.80943013929235275,0.0
0.43927700511944084,0.0
0.18107566507842682,0.0
0.11801969944946411,6.0
0.13596554543064662,0.0
0.093566220649274015,0.0
0.27355485067464552,0.0
0.58245265900690923,0.0
0.45296773696682802,0.0
0.32950814080597185,0.0
0.21056011975703268,0.0
0.03497610004979633,0.0
-0.55179282154537779,0.0
-0.90218511307856264,1.0
-0.87984410303586724,0.0
-0.83828262612528437,0.0
-0.62609130806182145,1.0
-0.30539025461900882,0.0
-0.027161214065716231,0.0
0.09768208682247459,1.0
0.3353749718812844,0.0
0.14956189522957075,0.0
-0.071361129533827616,0.0
-0.28996995940079029,0.0
-0.69861749511172244,0.0
-0.83811512507324248,1.0
-0.51290799474053139,0.0
-0.29818266992439635,0.0
0.2150413333369891,0.0
1.0574831494677122,6.0
1.5097879094954714,0.0
1.4171142585364804,0.0
1.6644591796187769,6.0
1.3556125724108461,0.0
0.71606602320879154,0.0
0.29402502252346685,6.0
0.29196864578328535,0.0
-0.17233084154809844,0.0
-0.28302895379349946,0.0
-0.42222048946644319,0.0
-0.61953478233935333,0.0
-0.61253742621404517,0.0
-0.52215418062142049,0.0
-0.52620992479694995,0.0
-0.18385337898996412,6.0
-0.0063562575222918024,0.0
-0.23853550418235361,0.0
-0.49779199271838004,0.0
-0.68619436891349073,0.0
-1.0738239402217027,0.0
-1.2940112581156293,0.0
-1.0460553828176515,3.0
-0.22334431040368813,0.0
0.37537901546878183,0.0
0.74301395397984393,0.0
1.1129539318038457,0.0
0.89555930251026672,0.0
0.42466725852617965,3.0
-0.10368922169949962,0.0
-0.34225695475948426,0.0
-0.38241274002633502,3.0
-0.15302907349297643,0.0
-0.2259454350191881,0.0
-0.065681236330901435,3.0
-0.0049090928624510579,0.0
-0.49717223187645132,0.0
-0.74718759846799054,0.0
-0.7818207349499432,0.0
-0.98976564012931589,0.0
-1.1243756848731938,0.0
-0.79740872941143359,0.0
-0.83567866665854806,0.0
-0.53021621109481387,0.0
0.25725665714740936,2.0
1.015707643931919,0.0
1.2294406780124172,0.0
1.576412215652939,2.0
1.6519010874683704,0.0
1.0914386897074464,0.0
0.62248370821695775,2.0
0.63661350171714148,0.0
0.33734621659080005,0.0
0.034555502990448177,0.0
-0.096325026600208224,0.0
-0.32481749384762715,0.0
-0.66584388177330578,0.0
-0.73018985452285678,0.0
-0.72930592237191416,0.0
-0.33384660769807667,2.0
-0.010119146178159727,0.0
0.13654307009851754,0.0
0.23985812809647103,0.0
0.21786466758098888,0.0
0.10241942310362602,0.0
0.10038695170587578,0.0
0.11996589093078833,0.0
0.11749812686200044,0.0
-0.0043503339349350162,0.0
-0.34189601896342792,0.0
-0.83485863321650478,0.0
-1.0308823350548371,0.0
-0.81446900331965744,5.0
-0.54861463303568292,0.0
-0.29398954546312045,0.0
0.086336186027383133,5.0
0.42984671450513656,0.0
0.28139193421469272,0.0
0.23875634464451068,5.0
0.22611704963022447,0.0
0.016873352210275552,0.0
-0.12606107814133849,0.0
-0.33563332249583666,0.0
-0.48031267490667456,0.0
-0.25197406665181932,5.0
0.32716945858015561,0.0
0.80037292314092501,0.0
1.4877254730070635,0.0
1.9571514413417526,0.0
1.9533913037855697,0.0
1.6276776196226943,0.0
1.0389966512972963,0.0
0.21343870460905001,0.0
-0.42753021966997901,0.0
-0.77229284834457279,4.0
-1.0257043394673748,0.0
-0.97393206703658874,0.0
-0.36977071405870843,4.0
-0.0014882488961953217,0.0
0.38622558069555596,0.0
0.88760600186922478,4.0
1.0938302298709899,0.0
0.54988408563622571,0.0
0.15487713789752378,0.0
-0.5013533363511723,0.0
-1.2299234379405071,0.0
-1.4279579890693477,4.0
-1.0609073780060327,0.0
-0.80801420350414666,0.0
-0.67825239828418948,0.0
-0.31615920659151603,0.0
-0.41695161850719664,0.0
-0.67000267332515584,0.0
-0.75348694399965788,0.0
-0.70835095077233512,0.0
-0.92122338781815749,0.0
-0.94683257265495158,0.0
-0.75713999778107566,0.0
-0.40135602754677407,0.0
-0.2229467399140502,0.0
0.018140047490939729,0.0
0.46684026049454769,0.0
0.58364076583877478,0.0
0.48553423244212235,0.0
0.60279517848971265,0.0
